outer_target_code	source_regime_id	model_kind	support_budget_percent	normalized_antibiotic	fold_count	observations_mean_across_folds	rmse_mean_across_folds	rmse_sd_across_folds	mae_mean_across_folds	mae_sd_across_folds	r2_mean_across_folds	r2_sd_across_folds	pearson_mean_across_folds	pearson_sd_across_folds	spearman_mean_across_folds	spearman_sd_across_folds	one_tier_accuracy_mean_across_folds	one_tier_accuracy_sd_across_folds
ec		target_only_scratch	1	amikacin	5	848.4	1.6540301702988773	0.08304696781741423	1.3751640716297615	0.061248832582088755	-2.4140293576122063	0.39395052083328985	0.1971778383067619	0.032682463484078425	0.17958774059275268	0.028437707767525723	0.39431554696239	0.01958928029045284
ec		target_only_scratch	1	ampicillin	5	343.0	2.955700013494325	0.13474861872257235	2.123339644639207	0.06232044803923439	-0.36277004786390793	0.13782319625317957	0.38591466140446895	0.02771889750435582	0.36758227272119665	0.032603708993458096	0.3749271137026239	0.0338981798276357
ec		target_only_scratch	1	aztreonam	5	556.4	1.816298368938396	0.06671627476993998	1.4167324379254695	0.042698483143714064	0.18020486104904485	0.04475707003901228	0.5377596908928886	0.03651553490517389	0.5229458770778678	0.039200816953246176	0.4394834503594174	0.015731141972379164
ec		target_only_scratch	1	cefepime	5	666.6	2.2070762020059154	0.09800193503690123	1.760362877719817	0.08517506919261193	0.18232313412707057	0.08149670784223778	0.4811146462409222	0.07819874692468626	0.4697079515355648	0.07841920422733084	0.3550299925112519	0.027578291013972963
ec		target_only_scratch	1	cefmetazole	5	488.2	2.718143054039797	0.1164629903840025	2.342115984457843	0.09060142046445725	-0.7231141742177124	0.16547441349291772	-0.12386761356692817	0.09046721497347514	-0.1482263559261886	0.0863047454713677	0.1899544067853431	0.014004350836485418
ec		target_only_scratch	1	cefotaxime	5	1098.0	4.013757088944051	0.09608645240392605	3.309940785699895	0.09335643321558908	0.27280330205165193	0.03674390558861336	0.5746793482961932	0.04098944625586766	0.5772296035513106	0.03984671578029649	0.15828779599271398	0.016675760594341508
ec		target_only_scratch	1	cefoxitin	5	349.4	1.7167975511671671	0.10335060857313334	1.3978621816958487	0.08403494605339969	-0.6987034216211534	0.2509531173749155	0.36614159417580533	0.12180129319819114	0.3312944147003366	0.09376075264038161	0.41886654857046446	0.05004071779309822
ec		target_only_scratch	1	ceftazidime	5	1197.2	2.58284763896108	0.07608115705822485	1.917384484840932	0.06007735166583071	0.2362139572211132	0.027932965905012104	0.5533743745753525	0.05222935620396597	0.578764105688648	0.053607127413436935	0.3707551200390143	0.01962386451522864
ec		target_only_scratch	1	ceftriaxone	5	644.0	3.2085052612879132	0.20533215295325996	2.7523749575855723	0.16145931556211846	0.15730301565147703	0.11492018472268474	0.5774959131435488	0.033891090889658075	0.5141941970991937	0.038094152036208764	0.16739130434782604	0.0416105289045829
ec		target_only_scratch	1	cefuroxime	5	808.6	2.108217705459972	0.09047505082992163	1.725302741769191	0.07375886369421274	-0.6156700160092605	0.11540908155865373	0.16932860279214182	0.0800332910555483	0.1399423486010511	0.07024653089914736	0.3485959271200663	0.020951271860835483
ec		target_only_scratch	1	chloramphenicol	5	568.6	1.6492577681322378	0.11043880843331377	1.3795880243056833	0.10963005327544166	-1.698979152887344	0.26608870393525175	0.23373090564072138	0.05972590251801469	0.24905463272280232	0.059326724488801254	0.3839899089911466	0.04600119524139394
ec		target_only_scratch	1	ciprofloxacin	5	1293.4	3.470983750140011	0.1905755964345632	2.5385759595712387	0.1668741826531563	0.22640697334970952	0.09360419744676529	0.5957060268790701	0.08051189586190133	0.620261315434864	0.07266170688307261	0.3107499542776405	0.03819937204565304
ec		target_only_scratch	1	imipenem	5	843.8	1.888343044993763	0.12734914690560162	1.5135917756462316	0.10848021843580156	-0.8492498862857774	0.2893684088868768	0.30125997407587346	0.050326336703225505	0.2978786018940588	0.05359619591674864	0.38097575236264075	0.03266827206645125
ec		target_only_scratch	1	levofloxacin	5	547.6	1.9665399736065499	0.07394674856340423	1.531549065426577	0.08461012599709528	0.2865197269418144	0.050072186958010176	0.5993408307109915	0.052064029844100156	0.5540507625113524	0.042172838981147556	0.40348089832351236	0.04090525967710167
ec		target_only_scratch	1	meropenem	5	1076.0	2.371343297273382	0.13312534178247096	1.9054810837787417	0.1079394422188847	-0.27315566123107626	0.1479144031382528	0.28485910569586104	0.06231584180250324	0.24558791332190935	0.06754000600692006	0.2933085501858736	0.025394602321752637
ec		target_only_scratch	1	minocycline	5	685.0	1.9400709571745203	0.0855721233612192	1.5205946256039578	0.08900279294869927	-1.212055264424474	0.14059471838288465	0.23213744682989285	0.047658619791761454	0.26072685001462037	0.058460471839879145	0.4426263496269847	0.04089828465775667
ec		target_only_scratch	1	tetracycline	5	411.4	3.142240179604971	0.2353400360014355	2.3784820975195244	0.19211207141509132	-0.1799589972338688	0.1646073205390253	0.4620268209635624	0.07162862894904902	0.45701640599082244	0.08531320026923311	0.32589705430751426	0.04062099311058578
ec		target_only_scratch	1	tigecycline	5	746.8	1.9784816617965262	0.17190393799934356	1.6145619671270537	0.1280013470324251	-6.4300955179609645	1.279505449290905	0.146676967740098	0.05769487514491028	0.195966829036825	0.05960414502877146	0.3820804815927397	0.027223197885542203
ec		target_only_scratch	1	tobramycin	5	603.8	1.8260553734657123	0.06428047524981934	1.4852375006282816	0.04330278192071578	-0.47966903476511147	0.23019842460851242	0.31288426592146407	0.06921021277293701	0.2608993580393276	0.07450119366158955	0.4099518208131074	0.03197027507321118
ec		target_only_scratch	5	amikacin	5	848.4	1.3750916287088184	0.10342557781034802	1.1012637572161694	0.11091197355544023	-1.398800818932217	0.40637343536907006	0.2528181624872527	0.047099678044361076	0.2410776477343263	0.0485921760593786	0.535366154039899	0.059004676830955116
ec		target_only_scratch	5	ampicillin	5	343.0	2.371494378377292	0.12158277120508836	1.7671214392164356	0.061939671587400685	0.12885455294536957	0.05005101448300674	0.4393306425336106	0.01906146859679882	0.43224230545853215	0.01477393500872898	0.3634596695821185	0.024633220321936964
ec		target_only_scratch	5	aztreonam	5	556.4	1.698926683492941	0.10575347043068255	1.3076862316320401	0.06500471882145928	0.28032344302982715	0.09387839144298388	0.5943195729150615	0.04744489324254355	0.5801093523917908	0.05321852199520783	0.48753880625908314	0.018846282919006706
ec		target_only_scratch	5	cefepime	5	666.6	2.0825018768905297	0.10891763528441235	1.6498126341846835	0.07575451379831949	0.2719437837314689	0.07815434323169847	0.5642719010676526	0.03306938976667519	0.552017333834372	0.03944290835544303	0.3767195981588785	0.05611206300208084
ec		target_only_scratch	5	cefmetazole	5	488.2	2.416103304909756	0.17994724194453138	2.080184945758897	0.2006829864903251	-0.37862432520929723	0.21633824852073907	0.021100024847433795	0.13112741762776114	0.006344715524762112	0.12836824953285972	0.22531596768245662	0.05982348329788722
ec		target_only_scratch	5	cefotaxime	5	1098.0	3.7440226731471298	0.247095972217565	3.0208238816398816	0.28534413169682005	0.36340801971208153	0.07455681467791263	0.6690690377676013	0.051496661137286674	0.6651935480995955	0.05236371732654549	0.1720097146326654	0.042652282688647784
ec		target_only_scratch	5	cefoxitin	5	349.4	1.4816803385165183	0.09079732339148862	1.1398562600103122	0.09287954819525278	-0.26612514291204764	0.21203411135141534	0.4171663230551106	0.07629704801345707	0.3709587297015112	0.05936789565489295	0.5391717483408027	0.04410728477653065
ec		target_only_scratch	5	ceftazidime	5	1197.2	2.422957125147607	0.1436167428863524	1.774458200023851	0.08897353398200847	0.3275060076157229	0.06008340993554396	0.6440247093713711	0.03660099145926296	0.6731160461887494	0.03658819248942938	0.39781758235321185	0.01752217910067725
ec		target_only_scratch	5	ceftriaxone	5	644.0	2.813587429221861	0.20857146146695357	2.349769301300648	0.30405536052597215	0.34991470929405055	0.09526008205519672	0.6692831965000183	0.05168938440736986	0.5934758332329677	0.0602037472305783	0.22681159420289848	0.0974037021516904
ec		target_only_scratch	5	cefuroxime	5	808.6	1.8546940353808694	0.11248974219793771	1.502575326396658	0.11185458925134108	-0.25957634863919277	0.11960395990303535	0.26647165332452477	0.06553214586083621	0.2457049857688868	0.06373610890659448	0.40244312409082783	0.04462171700548764
ec		target_only_scratch	5	chloramphenicol	5	568.6	1.4490172234915115	0.1472945029437794	1.1833516822745906	0.17450628840699012	-1.126415619959654	0.4052492595341294	0.26120420205608713	0.07110894994457398	0.25059724427215924	0.044460992581193855	0.4805069432411694	0.11859650060211528
ec		target_only_scratch	5	ciprofloxacin	5	1293.4	3.0728882394181842	0.13822199159325338	2.2537255989289067	0.11428925726885603	0.3951689126209831	0.044184768787175165	0.6860520219960135	0.03869763142836075	0.7095700703820906	0.0383941417669573	0.3208072795574633	0.0242813651759691
ec		target_only_scratch	5	imipenem	5	843.8	1.5763828928344472	0.12370911909267594	1.194556269687699	0.11295456085163776	-0.293384670528051	0.2140680304446328	0.4065455703539963	0.06474539125012321	0.39053616258593105	0.06848466512036651	0.5531180486451944	0.05966311342564551
ec		target_only_scratch	5	levofloxacin	5	547.6	1.695490229144534	0.07799229709140448	1.313188358163183	0.10706570008186002	0.4703338038347936	0.03863285942336207	0.7072500753785003	0.02999600877953835	0.6480274215156292	0.02558511800438884	0.47742318943997947	0.07455338024808877
ec		target_only_scratch	5	meropenem	5	1076.0	2.0698270874230458	0.0650123525920651	1.6487816395351138	0.08630554078688511	0.030713429762274945	0.08583169932087364	0.3730135268855216	0.04807564380449609	0.3378725477458106	0.06460290951382708	0.3833333333333333	0.046762083114271685
ec		target_only_scratch	5	minocycline	5	685.0	1.797285538999627	0.19626257912752254	1.4020604288855245	0.1919981362120274	-0.9383866136452585	0.3634069252591191	0.26404921372956613	0.047973967457494354	0.28510475473112057	0.02369840654560688	0.48656013844963797	0.07804950659705358
ec		target_only_scratch	5	tetracycline	5	411.4	2.606603264628749	0.21696031493998347	1.9402883551758396	0.18105062756962068	0.18799823250781394	0.1098843187804452	0.5003399968792277	0.08035821431541049	0.5165491408951907	0.0815090851079626	0.4060905991385759	0.044469432908325404
ec		target_only_scratch	5	tigecycline	5	746.8	1.3657488487117913	0.13352093348563837	1.1059577534627643	0.14970812950651474	-2.588991904528229	0.5262901972141081	0.17912374731300537	0.02325052487096225	0.22394318398894147	0.03345754740394743	0.5168190187021545	0.08838685711790645
ec		target_only_scratch	5	tobramycin	5	603.8	1.5938644973693148	0.041760936291069466	1.3041517719302393	0.0466908849593467	-0.13130273384285818	0.1773347688116005	0.36440288582747904	0.07131556000053087	0.3055124474582042	0.08129204523831371	0.4606587520439992	0.03264202207041934
ec		target_only_scratch	10	amikacin	5	848.4	0.9385454204331914	0.005626122836706047	0.6666409539945772	0.016954957769669102	-0.09663914109299401	0.06651258611043902	0.3569912556653994	0.02890297456408831	0.32701740282068364	0.029136544126452515	0.7893229919031639	0.01215772807730226
ec		target_only_scratch	10	ampicillin	5	343.0	2.108081797904903	0.10388572844157305	1.4379600682226168	0.05128850217806708	0.3107931771455127	0.04987163656135909	0.5943105399911972	0.017714294780619633	0.5697442448318929	0.03710385752333473	0.5172011661807581	0.032836784724210005
ec		target_only_scratch	10	aztreonam	5	556.4	1.5403836410409055	0.026060941137052474	1.1535430470365813	0.023670711074666048	0.4103621087391569	0.024865155169545315	0.6642478203901182	0.02070430037906518	0.6715318199314957	0.01965636211221193	0.560619880436085	0.015830620089087175
ec		target_only_scratch	10	cefepime	5	666.6	1.778174744238612	0.06316985910504844	1.251066363293197	0.05580084439451458	0.46951018764050767	0.04133006260185562	0.7058417261939872	0.021045714505897303	0.6774113074856989	0.01794188569207574	0.570071570821196	0.026560494916222987
ec		target_only_scratch	10	cefmetazole	5	488.2	1.759710921646531	0.06964212069758056	1.3368311134078978	0.0634509166258327	0.27805844622956805	0.0659390875486731	0.5455741239039549	0.040963720966224686	0.5213730149513571	0.03790588398911972	0.49377591158492296	0.027186619671777098
ec		target_only_scratch	10	cefotaxime	5	1098.0	2.8466244893678154	0.10889523516085048	1.847145831107677	0.06717537429422459	0.6342303006017918	0.023310419247420933	0.7986656049911376	0.014515299528964153	0.8022925537550553	0.012281072839174647	0.4702489374620522	0.01665142528682004
ec		target_only_scratch	10	cefoxitin	5	349.4	1.1549617495307927	0.05850727744366944	0.8813237103691172	0.03803770256741903	0.23627661725229182	0.06837423463940386	0.5544418832837813	0.04857029768952824	0.4262038874744724	0.05138585620803615	0.6531400256328623	0.02047234102151111
ec		target_only_scratch	10	ceftazidime	5	1197.2	2.0348245307391197	0.10762246383138045	1.399183893150841	0.025360735865216165	0.5263513043325097	0.027255051033495428	0.7345345736921034	0.01591434595261078	0.7700273756298199	0.010823875187552361	0.49715482361998486	0.022085504687890643
ec		target_only_scratch	10	ceftriaxone	5	644.0	2.1290270998414584	0.12163724954020182	1.3594415937506015	0.065277079015558	0.6288223799395709	0.04677272761416728	0.8099576934368728	0.025086343213496377	0.763292548212601	0.02086499397028196	0.5837474120082816	0.022684157087545488
ec		target_only_scratch	10	cefuroxime	5	808.6	1.4262549641783724	0.054444324526609994	1.0770202426405566	0.03348387930695373	0.26100525749607845	0.037970835393528385	0.5291356086379093	0.03671636669530083	0.46996524705489345	0.04133301068827152	0.5812634284762541	0.024788584926222382
ec		target_only_scratch	10	chloramphenicol	5	568.6	0.9728822644392064	0.026495391221695152	0.6274445513359723	0.02352114040692516	0.059375393165367565	0.06661956998097475	0.42026390360432886	0.020601304798782787	0.34305437094613517	0.03409430954982388	0.8127560913223923	0.013412219613458747
ec		target_only_scratch	10	ciprofloxacin	5	1293.4	2.4877824248202196	0.0713853267806123	1.583067534260797	0.03735650659404002	0.6039627059545404	0.015778140653960077	0.7850202713635439	0.010564839198833057	0.807540706718237	0.005213807876434926	0.5088908572414456	0.01595568694100831
ec		target_only_scratch	10	imipenem	5	843.8	1.2037834525591613	0.06627467577861297	0.8317853069951979	0.03653257324242847	0.2545332905097292	0.046239672719804566	0.5924311750098233	0.02197888281943252	0.5931942006321868	0.017561757325888733	0.715879588245546	0.023811979184397414
ec		target_only_scratch	10	levofloxacin	5	547.6	1.2259301033179661	0.10933154540089395	0.8408381152353479	0.0818784876113943	0.7217588850211264	0.04628394835824782	0.8540926721959554	0.02799637188738769	0.7602348833308359	0.019461128716747815	0.7291443885795379	0.037714765960564035
ec		target_only_scratch	10	meropenem	5	1076.0	1.7883306287366072	0.0263390317977654	1.302812651709147	0.03801665106869566	0.2786033970340279	0.028982292068038373	0.5567301383354588	0.019060134613035642	0.5272298838167206	0.04469058197961556	0.5524163568773234	0.031082077365453976
ec		target_only_scratch	10	minocycline	5	685.0	1.099559638849447	0.014789613782882693	0.7910005181089744	0.0164746952637644	0.2905005857216126	0.03142547740838196	0.5729410607051134	0.021026041380504425	0.4926925643046777	0.00851936103429839	0.7329377642427733	0.015157940067757199
ec		target_only_scratch	10	tetracycline	5	411.4	1.8934900641654422	0.1251617756728421	1.3796996511227382	0.1152389021991557	0.573153911447056	0.04311914594969047	0.7610100746080061	0.028959348589592083	0.7311924297532992	0.034938437426559214	0.5084969172985614	0.04838193949385947
ec		target_only_scratch	10	tigecycline	5	746.8	0.861844037805852	0.02907837596501391	0.5627401922729485	0.022943410648953024	-0.40091255249075985	0.0605037642505881	0.19862785552355613	0.02610531346513039	0.1979330750155402	0.022104444540295157	0.8228024400252185	0.01650937975412025
ec		target_only_scratch	10	tobramycin	5	603.8	1.2880875169021475	0.059863796819672146	1.013935005705254	0.0423740452156752	0.2698904306619479	0.03626742587061956	0.5267099945483387	0.033005557427027224	0.3970137504567094	0.061330747790059266	0.6154151777735845	0.022957190701600443
ec	kp_plus_se_to_ec	source_pretrained_few_shot	1	amikacin	5	848.4	1.1559700859613522	0.022318480871696175	0.8957992451130913	0.024921912395758753	-0.6741935769832805	0.11528376500041437	0.2900546130405158	0.03214713228097172	0.19868519474246032	0.027201017690254653	0.6370240423435637	0.03648576303918432
ec	kp_plus_se_to_ec	source_pretrained_few_shot	1	ampicillin	5	343.0	2.1790029321411346	0.20707410376571467	1.4490566794737898	0.0947171160074003	0.2680166398935272	0.04873080668880917	0.6376574732166723	0.03566840115654533	0.5879374782096692	0.026238860911083565	0.45461613216715246	0.05649678064072515
ec	kp_plus_se_to_ec	source_pretrained_few_shot	1	aztreonam	5	556.4	1.773709827796201	0.03520928399116288	1.3138360798198436	0.03824345505885618	0.21730375358783321	0.03985911837556138	0.6370208791191299	0.016081385719196276	0.6278188032665958	0.018796632319504576	0.51965741066228	0.008021028598260429
ec	kp_plus_se_to_ec	source_pretrained_few_shot	1	cefepime	5	666.6	2.2329466488380767	0.09248065382236315	1.7706657635442427	0.06301427621242713	0.16153253992030456	0.07352948440333955	0.5970528859615337	0.023392054273387173	0.5908069714894093	0.02629755144521359	0.30363722042882463	0.02987859062361709
ec	kp_plus_se_to_ec	source_pretrained_few_shot	1	cefmetazole	5	488.2	2.0907816376830817	0.028460273966796835	1.6775599587502519	0.022819183405843567	-0.01928373363360069	0.052344102534333754	0.3752565009761414	0.042101487267699585	0.28385716756949236	0.04542709090292436	0.35394778012448735	0.02043126098681694
ec	kp_plus_se_to_ec	source_pretrained_few_shot	1	cefotaxime	5	1098.0	3.0740292679113623	0.10173113461425991	2.1837428252393085	0.058429408233237556	0.5736003674548649	0.02098384106099019	0.7588176725540753	0.013250703037644961	0.7440953613164591	0.012200042748930764	0.32276867030965384	0.02504912487415242
ec	kp_plus_se_to_ec	source_pretrained_few_shot	1	cefoxitin	5	349.4	1.1924905052009906	0.038253713687057565	0.8817264966409158	0.017502374132291897	0.1856870387428327	0.050507273844847995	0.5529279584611715	0.02736486410597545	0.3577024504542161	0.04957986034294922	0.6847843655866579	0.012702937469455474
ec	kp_plus_se_to_ec	source_pretrained_few_shot	1	ceftazidime	5	1197.2	2.27979690067944	0.1120415472184213	1.6386918329821025	0.04310620855273924	0.40428512870744127	0.041487657023741895	0.695136214992389	0.021344279206816058	0.6959193510854769	0.007876171838445276	0.4375768302224676	0.006034927268938056
ec	kp_plus_se_to_ec	source_pretrained_few_shot	1	ceftriaxone	5	644.0	2.212877117262443	0.22767610021802984	1.4412899555503458	0.1475329813771031	0.5958768583812964	0.08745276923795701	0.8136619475505691	0.030199572549197928	0.7503716780772276	0.03104841901790633	0.5461697722567288	0.04810936692263484
ec	kp_plus_se_to_ec	source_pretrained_few_shot	1	cefuroxime	5	808.6	1.8061354162275918	0.07774964796192473	1.4356474598152138	0.04638755200190252	-0.18816853494834448	0.08662962186788395	0.3204061972628497	0.014865908863507611	0.24845715564941323	0.010012582529023387	0.4274055396429173	0.010473511788679436
ec	kp_plus_se_to_ec	source_pretrained_few_shot	1	chloramphenicol	5	568.6	1.222016216330698	0.052139807001619326	0.8976141787082265	0.034509112080506193	-0.4846259726814207	0.12876002528449682	0.4071733645646506	0.01925611586544112	0.37156616133427456	0.026879848185451943	0.6278670264115448	0.021093406053334124
ec	kp_plus_se_to_ec	source_pretrained_few_shot	1	ciprofloxacin	5	1293.4	2.6141596043646818	0.13019687779175296	1.9443340846244694	0.06318612226381563	0.5624592932963669	0.02920642815765881	0.7940336906255132	0.012887145741547815	0.7727288039699922	0.007500174850779797	0.28400048132993694	0.020872771584269426
ec	kp_plus_se_to_ec	source_pretrained_few_shot	1	imipenem	5	843.8	1.2879573591008318	0.0463528302931573	0.9356910933351559	0.028294734991406036	0.14570558975966827	0.04507682447664772	0.4679419421954071	0.029947447063835578	0.4112743253532984	0.01888223095928082	0.6403535106508575	0.0112832223637973
ec	kp_plus_se_to_ec	source_pretrained_few_shot	1	levofloxacin	5	547.6	1.4716578252005266	0.07142215099272525	1.230114646657052	0.04879176306754349	0.5997070957342052	0.03996108343254134	0.8884455773044924	0.016232333303523572	0.7633876615403982	0.015400481664047602	0.4309475588617378	0.019779533616656044
ec	kp_plus_se_to_ec	source_pretrained_few_shot	1	meropenem	5	1076.0	1.9968279159492333	0.022673140477821933	1.6046102843264662	0.021974458853668794	0.10068725495660114	0.02878703943665432	0.3908743081580626	0.023258390759950946	0.3237700944020689	0.03161718968008289	0.33742255266418836	0.01559966992857671
ec	kp_plus_se_to_ec	source_pretrained_few_shot	1	minocycline	5	685.0	1.556329752151368	0.016933621334094446	1.3511635378028406	0.03160551241822234	-0.42240602733316834	0.059615946887192725	0.34544092419743605	0.014815795692827895	0.38476590550992873	0.02362579431451407	0.3368746252807814	0.06231579858504398
ec	kp_plus_se_to_ec	source_pretrained_few_shot	1	tetracycline	5	411.4	1.951680526992209	0.07119332685097535	1.6071736227236948	0.06053941014304287	0.5447190155361279	0.03235826588837031	0.7830878176515946	0.018410367201597458	0.7449988178211245	0.012462917696885014	0.30479019519838735	0.03197910738966943
ec	kp_plus_se_to_ec	source_pretrained_few_shot	1	tigecycline	5	746.8	1.182438458203662	0.029985161084986632	0.9727865757219778	0.033947303101225824	-1.6425892944745712	0.1698651719802884	0.1318347093623595	0.014776577942279944	0.16563825287205575	0.028876815258832563	0.5390991430721396	0.02535802888128299
ec	kp_plus_se_to_ec	source_pretrained_few_shot	1	tobramycin	5	603.8	1.3235588583722269	0.05593737856432599	1.0244296035554104	0.04493711738846194	0.2278525131895111	0.053533220777270324	0.5559734660954367	0.03108997385125839	0.42284940675613036	0.03711165026724868	0.582847291525394	0.019941924208427345
ec	kp_plus_se_to_ec	source_pretrained_few_shot	5	amikacin	5	848.4	0.9435086942856717	0.010788224837044601	0.7156417917359972	0.011380707651095747	-0.1087390869623128	0.056595344760213134	0.32592299165036953	0.04204817412637334	0.20318452846856205	0.040638339888120927	0.759465353245772	0.011100351247244527
ec	kp_plus_se_to_ec	source_pretrained_few_shot	5	ampicillin	5	343.0	2.0153205919473685	0.19844646955506176	1.2987848257763626	0.0668135551580691	0.37466124455857847	0.03065152681421966	0.6464987686863651	0.03409995115131017	0.5957433226151096	0.020316934457352626	0.536248785228377	0.020528130892570464
ec	kp_plus_se_to_ec	source_pretrained_few_shot	5	aztreonam	5	556.4	1.5804087056123017	0.036069200993099265	1.1816942676029165	0.02600282554763071	0.37893878595118624	0.03728724834715708	0.6547246309867465	0.01977815847643056	0.653639107944098	0.02298247867067926	0.5637582953192011	0.01338175401653849
ec	kp_plus_se_to_ec	source_pretrained_few_shot	5	cefepime	5	666.6	1.9826454445162938	0.06492040134470062	1.4946012451818622	0.06427571765818733	0.34015502392031965	0.0469264575167709	0.6482316452989519	0.024111182069705365	0.6340870480198733	0.02031164612294469	0.502167534851193	0.029983019674979645
ec	kp_plus_se_to_ec	source_pretrained_few_shot	5	cefmetazole	5	488.2	1.8100170863139913	0.042401735855767064	1.3992764378727987	0.03856944602762012	0.23738878930399404	0.0337606606618418	0.5239393843473015	0.04073046441799346	0.4760732975230737	0.04904942314827525	0.4782099634583794	0.02062512158963483
ec	kp_plus_se_to_ec	source_pretrained_few_shot	5	cefotaxime	5	1098.0	2.9772564650541646	0.0959085152275169	2.046237144191734	0.062282573075666245	0.6000321127785395	0.0188037325036986	0.7778941270402414	0.011869283747643589	0.7579411855581318	0.0056773463415036125	0.4460230722525805	0.015175166457061441
ec	kp_plus_se_to_ec	source_pretrained_few_shot	5	cefoxitin	5	349.4	1.1375377909113369	0.04931298884197922	0.8336091366136047	0.021832675994347836	0.26024762980199834	0.041583139824176545	0.5662272521124574	0.03620852887839215	0.34933845235290495	0.03730030218915269	0.710168518382463	0.006795851788565212
ec	kp_plus_se_to_ec	source_pretrained_few_shot	5	ceftazidime	5	1197.2	2.092068338521303	0.112394690720549	1.4557098239863204	0.013556738689808825	0.49933072541998647	0.030333626312587184	0.7263395654688523	0.01721787964457372	0.723669981713667	0.005119981498470747	0.4823451691740945	0.012209279088639063
ec	kp_plus_se_to_ec	source_pretrained_few_shot	5	ceftriaxone	5	644.0	2.0346089210859777	0.2356743424266447	1.1832834173587785	0.1385690627822574	0.6578185741034418	0.08373157961454238	0.8349304776209191	0.03382920513360202	0.7660550855847686	0.026360981682811077	0.6800207039337474	0.04520977836549392
ec	kp_plus_se_to_ec	source_pretrained_few_shot	5	cefuroxime	5	808.6	1.5688383778071269	0.05863911843552265	1.2349727289269419	0.03262947720969822	0.10549584457191068	0.04705127687040091	0.40025134164560205	0.031119615296076538	0.30275029197632286	0.019712905686140824	0.4979045427547836	0.014899501385236739
ec	kp_plus_se_to_ec	source_pretrained_few_shot	5	chloramphenicol	5	568.6	0.9806328798604518	0.051116081953490475	0.6877739864538063	0.03910770565366682	0.043824644225199036	0.09474300743924988	0.49929109067285377	0.03060841947728876	0.3959633123193919	0.03258393658470668	0.7528428921507958	0.020287287105551947
ec	kp_plus_se_to_ec	source_pretrained_few_shot	5	ciprofloxacin	5	1293.4	2.455651915788664	0.07754780778437684	1.778009850078036	0.030285520494659532	0.6141762576368779	0.013205850287965105	0.8043279473273934	0.010293271313245353	0.7799160528787744	0.005946538851973059	0.33034550165696236	0.023716844002796708
ec	kp_plus_se_to_ec	source_pretrained_few_shot	5	imipenem	5	843.8	1.218956573240592	0.0455492540425997	0.8517884930986253	0.024191481966865536	0.23511767673821332	0.03231225455880819	0.49615276730962743	0.028976651654324247	0.44791096843647094	0.023568373471190576	0.6832532199940407	0.017761030090368356
ec	kp_plus_se_to_ec	source_pretrained_few_shot	5	levofloxacin	5	547.6	1.035380510746579	0.05838344429348111	0.7770605301580304	0.032061838814935156	0.80194014815592	0.02338944272437076	0.9063515673336872	0.013314061208790078	0.7646724226352679	0.019467653653742065	0.7003934813348656	0.02739695262848439
ec	kp_plus_se_to_ec	source_pretrained_few_shot	5	meropenem	5	1076.0	1.9275879501861461	0.02581153725407346	1.5074676366322102	0.042091896648158066	0.16220446772728214	0.019196177832510434	0.4181297001782191	0.012090246616254307	0.3605404622800906	0.008822272862086528	0.43339529120198267	0.056374425914925835
ec	kp_plus_se_to_ec	source_pretrained_few_shot	5	minocycline	5	685.0	1.2599338471436496	0.04755423987154893	1.040833865818532	0.03918852787903231	0.06688751322547223	0.08072419016686318	0.44796235738023144	0.08470293555990448	0.4648962945856101	0.06399706867614795	0.5776975280779368	0.025783139790746597
ec	kp_plus_se_to_ec	source_pretrained_few_shot	5	tetracycline	5	411.4	1.7689557347620475	0.04077472222452672	1.4506386814514936	0.05395748433764836	0.6273062625990623	0.010003721988869419	0.8276981108691832	0.012127434249423688	0.7740817099864062	0.010458247773377446	0.3391451901196072	0.054202441608750866
ec	kp_plus_se_to_ec	source_pretrained_few_shot	5	tigecycline	5	746.8	0.8982676816328145	0.02792937129399997	0.7146690559802453	0.0222222802873407	-0.5206301582538593	0.07002361791583715	0.1301004128370788	0.00706384232296657	0.15822168169156192	0.021750143471120705	0.7256774491471994	0.028092316548610607
ec	kp_plus_se_to_ec	source_pretrained_few_shot	5	tobramycin	5	603.8	1.2058361220374305	0.038080694087336664	0.9315550883958371	0.03136807266213038	0.3590739045870523	0.03674400874680026	0.6112162871047064	0.0248855741624017	0.4546630914377423	0.04312760411816531	0.6081439190851791	0.01777542263426336
ec	kp_plus_se_to_ec	source_pretrained_few_shot	10	amikacin	5	848.4	0.8978405233226997	0.011403670568519994	0.6755797586605786	0.012098934767384774	-0.0035288407848202614	0.058511509831543074	0.3404136263522597	0.04489666228815863	0.20340568534548167	0.03981344118473633	0.7784013378669689	0.018464033321762593
ec	kp_plus_se_to_ec	source_pretrained_few_shot	10	ampicillin	5	343.0	1.970383517325852	0.21662750491356397	1.2465147459124684	0.0839384658711908	0.4026339512380156	0.04488913403854023	0.6548312781481547	0.034658229698533875	0.6038176436457711	0.016052694000427775	0.5498542274052478	0.02751633366128036
ec	kp_plus_se_to_ec	source_pretrained_few_shot	10	aztreonam	5	556.4	1.5248976856294638	0.03139127132528926	1.164665981544551	0.020595209127382278	0.42213495621664726	0.027743752165651656	0.6655686324044859	0.016654901393482822	0.6665669651659443	0.017734592850429554	0.5626735531367231	0.010360375186072633
ec	kp_plus_se_to_ec	source_pretrained_few_shot	10	cefepime	5	666.6	1.854471001101242	0.051989607652870154	1.3644789988170172	0.053036472618202254	0.42302907725956906	0.03661579097147933	0.6772146635421721	0.020788422635707692	0.6530669616741974	0.014551779058979803	0.533456094775435	0.02015990711441131
ec	kp_plus_se_to_ec	source_pretrained_few_shot	10	cefmetazole	5	488.2	1.7474265409277296	0.05297250141626424	1.3327171714766806	0.041627390630966904	0.2888089653958409	0.04676256931780877	0.5622793092786085	0.04279180091452469	0.524913880774308	0.042681879401194577	0.49500625789220776	0.02348658992484762
ec	kp_plus_se_to_ec	source_pretrained_few_shot	10	cefotaxime	5	1098.0	2.9284764466318913	0.0870456929294189	1.993020895493523	0.06047012255465555	0.6130694903168588	0.016244873580174006	0.7867984011952655	0.010727425213475816	0.7679464606566657	0.006163811069568727	0.46545233758348514	0.01584513338548721
ec	kp_plus_se_to_ec	source_pretrained_few_shot	10	cefoxitin	5	349.4	1.1131036472538771	0.045676119283978425	0.8113374652006687	0.0182924426281501	0.29142539565789516	0.044979711555312954	0.5791170268125377	0.038599790408257735	0.35552232967166664	0.03468034769024283	0.7242758444286619	0.013172695754565315
ec	kp_plus_se_to_ec	source_pretrained_few_shot	10	ceftazidime	5	1197.2	2.0392169918129945	0.10883131894541676	1.4242682878222475	0.015176021150599715	0.5243723443485041	0.027113029636200114	0.7360685290388856	0.015987019195299376	0.7366023287144305	0.0029454342261902374	0.48880478882236195	0.009313022783848275
ec	kp_plus_se_to_ec	source_pretrained_few_shot	10	ceftriaxone	5	644.0	1.9434150937967973	0.20567953127415814	1.1058609399026718	0.11759013825839415	0.688310162250221	0.07135199655521042	0.8447952574311717	0.031149401536390963	0.7753046682079344	0.02573747165385693	0.7166666666666666	0.037647230077448156
ec	kp_plus_se_to_ec	source_pretrained_few_shot	10	cefuroxime	5	808.6	1.5174539753119327	0.053764965622589936	1.1958547450581816	0.03042286799396479	0.1635046811485052	0.039484654154217466	0.43350304093856645	0.03325011360284602	0.32769029678855677	0.021237268276865243	0.5163731453491456	0.015669809394700727
ec	kp_plus_se_to_ec	source_pretrained_few_shot	10	chloramphenicol	5	568.6	0.9144051068670699	0.035806643390463105	0.6257169942468317	0.029843855418915807	0.1690648448881928	0.06721623149462694	0.5362587234981027	0.024715791390233582	0.4088686537946152	0.042612231640786036	0.7998613827074927	0.014034887662846541
ec	kp_plus_se_to_ec	source_pretrained_few_shot	10	ciprofloxacin	5	1293.4	2.3751873058155955	0.07839235525138893	1.6973354441785085	0.025044326756235757	0.6391154240335803	0.013951253571599664	0.8098590794576218	0.010205479515845188	0.7845133450771559	0.0044198200117417635	0.36828334554588504	0.01720385596199683
ec	kp_plus_se_to_ec	source_pretrained_few_shot	10	imipenem	5	843.8	1.1888293433686776	0.050564798194872536	0.8272030667297322	0.02187783843078576	0.27283149453668465	0.03016645507973787	0.5306937077004756	0.02305451683317842	0.47507290780328315	0.01400771799060813	0.6889400489862618	0.020083966080827884
ec	kp_plus_se_to_ec	source_pretrained_few_shot	10	levofloxacin	5	547.6	0.9543962191611192	0.05885747340753305	0.6919677940866249	0.027398519131259173	0.8316932109916628	0.021063841381373967	0.9161824089530006	0.011965401480158115	0.7655975932357332	0.02226931594202827	0.7863537053042771	0.02747366120193607
ec	kp_plus_se_to_ec	source_pretrained_few_shot	10	meropenem	5	1076.0	1.8964219120865198	0.03244803123244618	1.4771212452073965	0.03352838732907346	0.18930237966732474	0.01099266237730805	0.44412787416818783	0.008355914102200882	0.38702570680232096	0.016804296143358637	0.4494423791821561	0.041212113614112374
ec	kp_plus_se_to_ec	source_pretrained_few_shot	10	minocycline	5	685.0	1.105714752375134	0.03561121074977483	0.8870400864563596	0.028886813220805028	0.28245837067673585	0.04807629041972206	0.5919712805898045	0.043563220421024756	0.5653172668057489	0.01672485514323097	0.6784213932052767	0.02908809338524547
ec	kp_plus_se_to_ec	source_pretrained_few_shot	10	tetracycline	5	411.4	1.6295270054785143	0.0433228994990233	1.3110427819373514	0.062377216266978605	0.6840394917717721	0.008359066635271162	0.8490620289154631	0.0021502978144878524	0.7861287524584719	0.013228458625524202	0.47996952731911263	0.043010909778117
ec	kp_plus_se_to_ec	source_pretrained_few_shot	10	tigecycline	5	746.8	0.8392024837923406	0.01658159476635861	0.6535774600877792	0.01303783924465291	-0.32737514060874195	0.03685371646735534	0.14834007165783353	0.004521839008712029	0.17784867297828572	0.021077175022825335	0.7861097054288049	0.011501968958273878
ec	kp_plus_se_to_ec	source_pretrained_few_shot	10	tobramycin	5	603.8	1.1695137649361205	0.04248679635469127	0.9054145758258464	0.04022737788156704	0.39663718647558566	0.025448038140167346	0.6338194559079585	0.01844031974414787	0.4670925875787247	0.042603171800088074	0.6362896501504784	0.018042684682690435
ec	kp_to_ec	source_pretrained_few_shot	1	amikacin	5	848.4	0.946119562088693	0.023165018110939947	0.7249172504885901	0.020812650543502367	-0.11379265173638305	0.04370245469342654	0.29542538362626924	0.032954350919761996	0.14588730563095043	0.037403142203851186	0.7178270218014534	0.022424574952297344
ec	kp_to_ec	source_pretrained_few_shot	1	ampicillin	5	343.0	5.060171549746422	0.211948548300307	4.433421903472137	0.17554589548525562	-2.9874428969293936	0.43745186676312303	0.31753568148671335	0.054581058767693	0.24615174997285028	0.06329467020599105	0.030515063168124346	0.010019620150656581
ec	kp_to_ec	source_pretrained_few_shot	1	aztreonam	5	556.4	1.6856928126240234	0.03685543211689121	1.2292765656553106	0.030580587983851465	0.2929784686686781	0.046085469369046755	0.6352221756727356	0.01580844818562577	0.6369288341354966	0.01739732014358681	0.5692624690097018	0.013087263957983698
ec	kp_to_ec	source_pretrained_few_shot	1	cefepime	5	666.6	1.975066937731772	0.07589494473899623	1.4618368534509485	0.07963956637811356	0.3452448124240666	0.054532803118090833	0.6470928669134709	0.03805455299243188	0.6209878027509476	0.031754170530838816	0.5276678477578027	0.03335151572042282
ec	kp_to_ec	source_pretrained_few_shot	1	cefmetazole	5	488.2	2.1350583930974154	0.10601963070843685	1.6317528714813236	0.1032907074381515	-0.06420343879904122	0.08872711609678698	0.3982031505151471	0.04932867481767348	0.2735314257982372	0.05410231956052866	0.41989870036988614	0.035695096027234655
ec	kp_to_ec	source_pretrained_few_shot	1	cefotaxime	5	1098.0	3.2463205488443014	0.1372566060720161	2.270243301580513	0.08682276292401507	0.5239930618243692	0.038485708694023395	0.730817052295168	0.020741338798791756	0.7188217116112176	0.01270151474233019	0.3386763812993321	0.015807572858809172
ec	kp_to_ec	source_pretrained_few_shot	1	cefoxitin	5	349.4	1.173133035553435	0.051137115845507876	0.8725378107409505	0.04194804686775537	0.2084314262219779	0.10479554866392896	0.4753047952090541	0.11352338552974196	0.33714925454751177	0.09177281342266276	0.680570997858486	0.040667357027883044
ec	kp_to_ec	source_pretrained_few_shot	1	ceftazidime	5	1197.2	2.296558403074823	0.08982657279192997	1.6320315051744028	0.02269747113692325	0.396170525491977	0.03002404490622223	0.6510885512149034	0.02954074681863088	0.6574653033022335	0.01921963365194249	0.440581094732751	0.008701451411373793
ec	kp_to_ec	source_pretrained_few_shot	1	ceftriaxone	5	644.0	2.355253913917426	0.20201801423040142	1.5525933779421304	0.14462892758894777	0.5444186141088542	0.07929227445651675	0.7917526410162682	0.020303284782652083	0.7400993717730457	0.018043792544932213	0.5381987577639752	0.05862061178245763
ec	kp_to_ec	source_pretrained_few_shot	1	cefuroxime	5	808.6	1.6334133194548006	0.05739466482636927	1.2856392948565223	0.0318891999514795	0.030540305335108986	0.047576968357753276	0.3434053873651256	0.03364230138583026	0.26073771500125975	0.013769205220031994	0.4827363731886626	0.013792651652439378
ec	kp_to_ec	source_pretrained_few_shot	1	chloramphenicol	5	568.6	1.9333341024630877	0.13042434681839327	1.4926229656474321	0.1304815591390104	-2.718436118734499	0.44673422215081043	0.055972601764904706	0.04645393002770278	0.09659473203289576	0.04348586171511894	0.42441995263909177	0.06348320571171341
ec	kp_to_ec	source_pretrained_few_shot	1	ciprofloxacin	5	1293.4	3.160113924399018	0.07312203301487022	2.207941529187953	0.0749269401566494	0.3603964418182171	0.037645652641933085	0.7337390145310635	0.028346542469475537	0.7346793967986021	0.029588395507338165	0.408267080737917	0.0367878793026821
ec	kp_to_ec	source_pretrained_few_shot	1	imipenem	5	843.8	1.5791064719525163	0.07975297510829915	1.1904978364274406	0.07531248972882504	-0.2900789895165114	0.13497098077539862	0.34937118307499415	0.04640456068219807	0.2825361245187531	0.02955665808782594	0.5665604110798153	0.019456042254951046
ec	kp_to_ec	source_pretrained_few_shot	1	levofloxacin	5	547.6	1.4382895911326918	0.11993910163466119	1.156107328882427	0.07626301901309505	0.615140301195189	0.059003717669276416	0.815591438149544	0.046338206736094976	0.7178013018045543	0.03411130044636797	0.5193604500006495	0.049281800920421726
ec	kp_to_ec	source_pretrained_few_shot	1	meropenem	5	1076.0	2.173986563462245	0.09565037572943783	1.5855148025844916	0.06326232642025706	-0.0663724506263764	0.07887908197768335	0.35187278226813123	0.02972588724392126	0.31919847769346316	0.024898977901967895	0.494361833952912	0.01635499970448221
ec	kp_to_ec	source_pretrained_few_shot	1	minocycline	5	685.0	1.412079729705942	0.051751153978519884	1.2125857994016311	0.054289444810285636	-0.17192515497999986	0.06450541613463329	0.5893398752735934	0.02320618427059456	0.5596557950961348	0.021061580666655654	0.4357497485209622	0.036471043493099195
ec	kp_to_ec	source_pretrained_few_shot	1	tetracycline	5	411.4	2.244283207853021	0.1142349871910657	1.674338019968566	0.104903957724214	0.39861615976733206	0.05398936467303029	0.7650310392435894	0.018622048547718005	0.714542103120879	0.012199767183652491	0.46264576886432174	0.03835706990655912
ec	kp_to_ec	source_pretrained_few_shot	1	tigecycline	5	746.8	1.43518857338259	0.008996352201602808	1.299738729145687	0.014711247756311214	-2.8958075432303745	0.15501984287452103	0.1684425340766587	0.011823330324359286	0.2078365618159615	0.030395709931050344	0.34592310259805975	0.02986231533430579
ec	kp_to_ec	source_pretrained_few_shot	1	tobramycin	5	603.8	1.2396901548481256	0.037878375523600016	0.9905246718493255	0.04918731429766464	0.31657508038854487	0.11514137282554794	0.6171592814468572	0.031178993785847965	0.46155051449160533	0.02143696663249091	0.5872993938474182	0.02186567949021549
ec	kp_to_ec	source_pretrained_few_shot	5	amikacin	5	848.4	0.8719579891121914	0.02098415480614474	0.6500035037340702	0.008824279382708976	0.05520609968979158	0.017757040596639986	0.3126007452775408	0.01902191395120254	0.12897894357375245	0.015179440978932176	0.7806830640561222	0.005915393535929486
ec	kp_to_ec	source_pretrained_few_shot	5	ampicillin	5	343.0	3.85426476083098	0.058816811477603356	3.1096037985400393	0.04063458593092185	-1.3177771183420375	0.2965444731817668	0.3812532548689806	0.04279346135107549	0.36182394878835933	0.053000593654293236	0.1418853255587949	0.013395577018552216
ec	kp_to_ec	source_pretrained_few_shot	5	aztreonam	5	556.4	1.5344826483555205	0.028504397430019715	1.1446335472885836	0.020128613132090096	0.41510738151269566	0.019767616575319433	0.6669474191244275	0.014237374039364436	0.6706653146444632	0.016999538051795514	0.5848362381471406	0.009551924011973217
ec	kp_to_ec	source_pretrained_few_shot	5	cefepime	5	666.6	1.8298089870662946	0.03900994278271369	1.3109933996626837	0.04833477947763559	0.4387721500814846	0.02785438293438179	0.6949830688531334	0.014405099228919962	0.6574072154684053	0.01876307829609885	0.5732626179402791	0.019800437466650545
ec	kp_to_ec	source_pretrained_few_shot	5	cefmetazole	5	488.2	1.7973922023096147	0.02944245099134696	1.3726482573330194	0.03652537299242723	0.24790730268969874	0.017494799118975925	0.5368046539242675	0.03297404041418711	0.4759040051278749	0.053380567962066604	0.4839448746745337	0.02182148341853175
ec	kp_to_ec	source_pretrained_few_shot	5	cefotaxime	5	1098.0	3.0432440644543926	0.10298923303326951	2.065495749589669	0.06468504164699822	0.5820125472928559	0.023441306908386646	0.7649154691000336	0.01508319474282877	0.7427178642268408	0.01405917332601618	0.39471766848816026	0.026469519072001655
ec	kp_to_ec	source_pretrained_few_shot	5	cefoxitin	5	349.4	1.1620357770733911	0.04587074756223812	0.910178783748484	0.03463216644631977	0.2267790366218148	0.06464459135451542	0.48204100565671276	0.06659405222472238	0.31122232436431724	0.05683635517329424	0.6689632840540196	0.02174269668780709
ec	kp_to_ec	source_pretrained_few_shot	5	ceftazidime	5	1197.2	2.166030141599781	0.09343718052124375	1.5439072875193107	0.021801935714447353	0.4631632385827942	0.025737198011408238	0.6876063506935592	0.018275003143887896	0.6996330356000604	0.012723497388986467	0.45466653091642106	0.02129900365687686
ec	kp_to_ec	source_pretrained_few_shot	5	ceftriaxone	5	644.0	2.057908568817937	0.1658820409447083	1.2469901818728102	0.0969783001160098	0.6519307664459849	0.06124807357020332	0.8294286525279204	0.024096438706115223	0.7675374003681785	0.021925791091508995	0.6645962732919254	0.04024639166934525
ec	kp_to_ec	source_pretrained_few_shot	5	cefuroxime	5	808.6	1.549355798552004	0.04802759006638224	1.2301456115869507	0.03129980589801474	0.12773806065537488	0.037134723609593606	0.3961699522949644	0.02974441178839782	0.29537449185361353	0.020814009497864678	0.5040866490622875	0.016786293907416885
ec	kp_to_ec	source_pretrained_few_shot	5	chloramphenicol	5	568.6	1.3708225813637207	0.04188308343585594	1.0313306451062172	0.018263076159982346	-0.8662564738116041	0.12062541828043037	0.11417970940837718	0.043183335056357665	0.14051809452792993	0.02854942667550578	0.57099433154286	0.012092332672133306
ec	kp_to_ec	source_pretrained_few_shot	5	ciprofloxacin	5	1293.4	3.004545696421049	0.14664188956425872	2.0615703256735047	0.08983545872781733	0.4212287701457284	0.040171040222829295	0.737005951785864	0.02760189393172963	0.7421948609594873	0.017680407885912776	0.45564883315343224	0.015540970086158103
ec	kp_to_ec	source_pretrained_few_shot	5	imipenem	5	843.8	1.4041175052350177	0.042605740046855946	0.9659402574524277	0.0309319969999156	-0.016438468389725725	0.04712077358253703	0.28112198589033	0.03060546442569347	0.17080957385056522	0.06280109156133812	0.6221107194458969	0.01654469152503136
ec	kp_to_ec	source_pretrained_few_shot	5	levofloxacin	5	547.6	1.3763633700367846	0.12820890132336524	1.0529956617483622	0.07495306060833296	0.6477083408342356	0.06094545523582934	0.8182573417498407	0.037503774695755165	0.7185520188006722	0.026955719501724675	0.5743888502296379	0.048453709882885596
ec	kp_to_ec	source_pretrained_few_shot	5	meropenem	5	1076.0	1.9772433073514368	0.026678876161994988	1.4798478962911255	0.0535132073524302	0.11851191523836327	0.019444528006454825	0.381081462647785	0.008220119638229542	0.35331257594175053	0.011500686804919972	0.46245353159851293	0.054856074245902664
ec	kp_to_ec	source_pretrained_few_shot	5	minocycline	5	685.0	1.1086526194415056	0.06333565020419675	0.8932118218705616	0.053783104784141667	0.2761661041733682	0.09435319648068911	0.7004667480284902	0.02527665312749667	0.6071357248841167	0.019227279278588034	0.6652069499600998	0.028709984634109276
ec	kp_to_ec	source_pretrained_few_shot	5	tetracycline	5	411.4	1.916377165789768	0.11326687997415671	1.444482538986964	0.09775574687181333	0.5623850207809457	0.042824101877624754	0.8160149111274955	0.020447688469038845	0.752835692462677	0.017681182063136378	0.46330089213300896	0.02388036957477846
ec	kp_to_ec	source_pretrained_few_shot	5	tigecycline	5	746.8	0.9932390397493265	0.04075854032758679	0.8381547566919185	0.042996739690596246	-0.8615617005688477	0.1352906665587788	0.1725103605430845	0.01258925400888553	0.20935919777717354	0.02390595301538335	0.6120392203308318	0.03451554350212899
ec	kp_to_ec	source_pretrained_few_shot	5	tobramycin	5	603.8	1.132568082763738	0.017614888452155177	0.8831660583683817	0.012051371353049718	0.43308803204171537	0.051050343993315324	0.6711273499470942	0.027187834896094866	0.4916181246231542	0.03676828980653722	0.6495581231274529	0.01742718298496556
ec	kp_to_ec	source_pretrained_few_shot	10	amikacin	5	848.4	0.8513084010785924	0.025169301548307398	0.629084400665506	0.0183530531756689	0.09946983270665342	0.01728410234646225	0.36435116077552604	0.02351121422875706	0.19847551540375066	0.021199701787694293	0.8026105444066642	0.007359661731352175
ec	kp_to_ec	source_pretrained_few_shot	10	ampicillin	5	343.0	2.4892422824048204	0.1835181107965471	1.7390518650484967	0.0864771378518554	0.0427384415736561	0.03188098723055754	0.47615608841906865	0.026568081609929177	0.45456653448925755	0.03098801851136961	0.4305150631681244	0.02640948151934149
ec	kp_to_ec	source_pretrained_few_shot	10	aztreonam	5	556.4	1.4983294367280273	0.023154572235527075	1.1326528123169557	0.02070712153760723	0.4422886103612435	0.019238232557048044	0.6760433632913558	0.014290932352784036	0.6815174096063293	0.01936201548731028	0.5793335728816141	0.014834335869323761
ec	kp_to_ec	source_pretrained_few_shot	10	cefepime	5	666.6	1.7467409841073784	0.04958230094464792	1.2180385320696394	0.04866123695532324	0.4884690120447601	0.033305049427897984	0.7135037024375377	0.01884386514030767	0.668871753683747	0.02074527429648245	0.5802628715672193	0.013803707877781264
ec	kp_to_ec	source_pretrained_few_shot	10	cefmetazole	5	488.2	1.7318065625351715	0.05436666358544283	1.301099935229572	0.04679432191286393	0.30141742365455415	0.047571402208970485	0.5726140917587161	0.040163650529669054	0.5357236694280041	0.05079395084742472	0.5109803658631981	0.02370923616474044
ec	kp_to_ec	source_pretrained_few_shot	10	cefotaxime	5	1098.0	2.9736560969934844	0.1105864082338178	2.0004046157626725	0.07063333683558493	0.6008843248264186	0.02462115565348382	0.7766228908063598	0.015453570015020292	0.7527252651425108	0.012144819212024942	0.41760777170613234	0.03277043708046579
ec	kp_to_ec	source_pretrained_few_shot	10	cefoxitin	5	349.4	1.1591686965482402	0.0347131340444716	0.9005969603153146	0.025010401617424065	0.23172609814564532	0.03386802081409241	0.48654154308198194	0.037775907341430257	0.2568847564431492	0.03557975864219894	0.6870973096379018	0.01794757436802251
ec	kp_to_ec	source_pretrained_few_shot	10	ceftazidime	5	1197.2	2.118836507645104	0.09129316006292162	1.5093877429245304	0.019350247628351795	0.4863342164569164	0.023234492884796797	0.7031200310896087	0.016119271219380477	0.7174248991398908	0.009535575011040635	0.46446616448373756	0.028679236777749362
ec	kp_to_ec	source_pretrained_few_shot	10	ceftriaxone	5	644.0	1.9419769836898566	0.17720610833991352	1.1542991990998666	0.09347800388993224	0.6894900375924552	0.06036921796292864	0.8402927093401142	0.02780274068340195	0.7758457253790657	0.021269212327404616	0.7076604554865424	0.023740222304730777
ec	kp_to_ec	source_pretrained_few_shot	10	cefuroxime	5	808.6	1.522565014700997	0.049361834838990155	1.2126696772564218	0.03143812336518631	0.15766943605594594	0.03894907246488593	0.42442029154279864	0.031139285663130727	0.3157080704826554	0.02494136267742482	0.5023530621843946	0.009252227153404126
ec	kp_to_ec	source_pretrained_few_shot	10	chloramphenicol	5	568.6	1.1869456416358735	0.04246702765543501	0.9364140215392229	0.025482072538988397	-0.3982124464140346	0.07383089406145235	0.1536226858513552	0.02537096024775794	0.17314477894317726	0.02335283169484293	0.6866071354901524	0.03415399478350642
ec	kp_to_ec	source_pretrained_few_shot	10	ciprofloxacin	5	1293.4	2.4982135293072196	0.13039672553466594	1.7824006152125094	0.047278734733080516	0.6006190818961742	0.029935888606362027	0.7823904948972238	0.019068368082627754	0.7694577138620543	0.00995086646622709	0.33292157310417564	0.012398384456854133
ec	kp_to_ec	source_pretrained_few_shot	10	imipenem	5	843.8	1.2808421869794135	0.03374898307064771	0.8954720903728621	0.014625603147781148	0.15530429250185193	0.020625511958109546	0.41199598338146765	0.018137470401037754	0.35686627795568227	0.043081837666810154	0.6683262777374869	0.020471419552908765
ec	kp_to_ec	source_pretrained_few_shot	10	levofloxacin	5	547.6	1.156219880977489	0.11570904338370504	0.8299872057369985	0.06374368993826075	0.7510532908416121	0.04695308170188351	0.8735454057957888	0.02862337432574112	0.7412106868019928	0.022156846067770745	0.684592786751723	0.03113443780509331
ec	kp_to_ec	source_pretrained_few_shot	10	meropenem	5	1076.0	1.925724861936898	0.020423043877046514	1.4828175081824133	0.033658405970675834	0.16373184168934873	0.023013034540304417	0.42382393935124546	0.0061998826024042206	0.39090316686023197	0.01552469869204317	0.4333333333333333	0.04395374784047115
ec	kp_to_ec	source_pretrained_few_shot	10	minocycline	5	685.0	1.0031223651166958	0.05572705914524035	0.7585257443332633	0.04229231706846233	0.4075906057835145	0.07501280911866884	0.7097727114599877	0.02389666164182115	0.6083711249878838	0.013174433976140742	0.7248507953266983	0.024669745257835315
ec	kp_to_ec	source_pretrained_few_shot	10	tetracycline	5	411.4	1.690115107999516	0.08970469450383615	1.2946010740926668	0.0800585128077376	0.659410835536965	0.024732212190743494	0.8477569054322084	0.014908223287586718	0.7694139949142562	0.022085721097481817	0.47399822045842877	0.023078806295111765
ec	kp_to_ec	source_pretrained_few_shot	10	tigecycline	5	746.8	0.8896600915327465	0.020047274209574917	0.7060537052151815	0.022629245428838544	-0.4938290894431508	0.07077593178344857	0.16812559681479322	0.009566106605025567	0.2087406654378626	0.017982809316913505	0.712017207944079	0.02277629204023659
ec	kp_to_ec	source_pretrained_few_shot	10	tobramycin	5	603.8	1.0869926943549462	0.033563946890178345	0.8159668716661669	0.0352463810359365	0.47850604941698893	0.03628935548693703	0.6973007761293462	0.0266528781973168	0.5000666797360023	0.04424713061324891	0.70672437349857	0.028655117199309858
ec	se_to_ec	source_pretrained_few_shot	1	amikacin	5	848.4	2.007928232247878	0.01699384552328522	1.7178839574006808	0.02677605330441337	-4.019503220532402	0.3205171629434747	0.20894305067607594	0.02885673351690546	0.22300226553620126	0.030470878112812044	0.28241586476135444	0.013042477857529156
ec	se_to_ec	source_pretrained_few_shot	1	ampicillin	5	343.0	2.1990768174363295	0.19425526627498885	1.3878251846724048	0.06703793659256524	0.2503118118522852	0.06169741245784636	0.6110252965348468	0.032375920693845615	0.565911807709926	0.04915521445213289	0.5391642371234208	0.01590042786179908
ec	se_to_ec	source_pretrained_few_shot	1	aztreonam	5	556.4	2.1845429015356674	0.0355494337540997	1.7269420464625955	0.044691699593017	-0.18625888997820034	0.016962978050420397	0.6184705345935049	0.019392529508894245	0.5918236020400829	0.022167109055944864	0.36722033426681916	0.020517157361312943
ec	se_to_ec	source_pretrained_few_shot	1	cefepime	5	666.6	3.6085795477307605	0.1500764666251189	3.127613811508141	0.13355536417941444	-1.2033474915469522	0.18657033061739714	0.5653128875167843	0.03384500701405001	0.557658424050224	0.03299282775276775	0.14741878310094197	0.013548713726172949
ec	se_to_ec	source_pretrained_few_shot	1	cefmetazole	5	488.2	3.3465094930588406	0.12270184570726718	2.6164378089091835	0.10036809653177281	-1.6046092771117286	0.1010425938564993	-0.19328838970396336	0.028513774158798	-0.22209735475001757	0.029633210791282383	0.2884030641322203	0.034192968236213414
ec	se_to_ec	source_pretrained_few_shot	1	cefotaxime	5	1098.0	3.954029248697156	0.0826539272258355	3.310134852864414	0.07414665264344124	0.29422013006382197	0.028680254522464112	0.6543491867903817	0.029060603522559413	0.6575072723267986	0.02249727864117366	0.13132969034608377	0.02243388765300205
ec	se_to_ec	source_pretrained_few_shot	1	cefoxitin	5	349.4	1.2562475180100734	0.06326419000643412	0.9029684072194499	0.04269574519103011	0.09444617323670365	0.08171885643408362	0.5508978499913205	0.03876702670314653	0.3795530217611494	0.042506480119387804	0.6412901329806775	0.03243542271322631
ec	se_to_ec	source_pretrained_few_shot	1	ceftazidime	5	1197.2	2.734476313931959	0.11076616019201475	2.098672295888818	0.08692314354784471	0.14258804340084485	0.0663304332178912	0.6832211171171678	0.015543368774572373	0.6840692536018435	0.004090762919793408	0.3287691497339155	0.010323119122734347
ec	se_to_ec	source_pretrained_few_shot	1	ceftriaxone	5	644.0	2.408194629263245	0.17002115473713303	1.5217631651894585	0.14443995899885306	0.5240417582473577	0.07355339034788698	0.7754353696743566	0.028065911402895955	0.7033666374215704	0.03085376393156388	0.5484472049689442	0.036538557204286136
ec	se_to_ec	source_pretrained_few_shot	1	cefuroxime	5	808.6	1.836637943374337	0.033439260107396195	1.418930755053159	0.03486985871847893	-0.22708184221038294	0.05595641301373862	0.2030378709937128	0.01976271529052	0.1658211170715893	0.013514597414506651	0.4577336366379393	0.019304638917320077
ec	se_to_ec	source_pretrained_few_shot	1	chloramphenicol	5	568.6	1.508518025555868	0.07679804352765923	1.132221565610971	0.0642619366334985	-1.268495190763319	0.23845931257332528	0.22902575312689782	0.024588595074208852	0.24739583272284627	0.02808106261683028	0.5581140622292632	0.029989956137295805
ec	se_to_ec	source_pretrained_few_shot	1	ciprofloxacin	5	1293.4	2.6638215741796683	0.12523203013307088	1.9052605470890271	0.06024329765032663	0.5456473575644424	0.028642545043576547	0.7857913656901929	0.013203655970744917	0.7699701432688414	0.0044608933313995585	0.3671430159544139	0.024101178823622192
ec	se_to_ec	source_pretrained_few_shot	1	imipenem	5	843.8	1.6742562384697472	0.05580052754939285	1.3047618463801596	0.06166361484140636	-0.4728518819929272	0.09994513029717803	0.25697961128684216	0.029454784632421606	0.2698717516248159	0.03398005414948512	0.4769623083136095	0.029870031956609356
ec	se_to_ec	source_pretrained_few_shot	1	levofloxacin	5	547.6	2.06332774210488	0.1107787253254455	1.670458962069216	0.10755245466766909	0.21009328700108237	0.08621669892038573	0.866379396343574	0.014797100069914464	0.764107530694399	0.014118940016933855	0.3835747452250842	0.044577904327434394
ec	se_to_ec	source_pretrained_few_shot	1	meropenem	5	1076.0	2.385407510784162	0.041151538347108746	2.1127087659404475	0.04544519895403585	-0.28523961587051094	0.04540705786738365	0.2163626202144869	0.027567059594704513	0.18868181097606007	0.03491200488699634	0.09838909541511769	0.02104128809233713
ec	se_to_ec	source_pretrained_few_shot	1	minocycline	5	685.0	2.846828529427009	0.06662385483975364	2.5789442024929987	0.06335648339169211	-3.7606909833374567	0.3695447084286152	0.4868138949813982	0.021617959138998204	0.5020891248895872	0.02847454869190423	0.10462617432071826	0.00996105646925866
ec	se_to_ec	source_pretrained_few_shot	1	tetracycline	5	411.4	2.018466492911718	0.06164862795155964	1.6562506116584352	0.05607455335381144	0.5148581612083818	0.019149511837079764	0.772542830149433	0.019704902107184855	0.7212514886103677	0.013456400368555702	0.40267167458011477	0.029807243594542617
ec	se_to_ec	source_pretrained_few_shot	1	tigecycline	5	746.8	4.789656508184195	0.0749022947965199	4.606876324396115	0.06838848824839014	-42.28976409651598	2.4040553382234195	0.15678100244390347	0.02608587627126959	0.1947182404806158	0.03165176005686625	0.0012496814783710068	0.0011549437488095615
ec	se_to_ec	source_pretrained_few_shot	1	tobramycin	5	603.8	1.9976297677733812	0.10184317422725221	1.6733110269506866	0.0666925127984921	-0.7566261292158778	0.07101839647727279	0.19808901662637898	0.02962539711997299	0.15712085935048964	0.02850583989456977	0.3090306160499444	0.018437407268611584
ec	se_to_ec	source_pretrained_few_shot	5	amikacin	5	848.4	1.5099893370704183	0.06814980746556089	1.233118744668543	0.07794453923175856	-1.8501527952070664	0.35419799980920036	0.22138471197912873	0.02939929216815596	0.22218916022332813	0.03899158748695927	0.468269088309591	0.058315121777211855
ec	se_to_ec	source_pretrained_few_shot	5	ampicillin	5	343.0	2.0310211347679834	0.1741116694484956	1.2684751628149589	0.059356993131581985	0.3639513037229117	0.022564433765690145	0.620618699461213	0.033282786613244165	0.5720164336039802	0.02681745508012844	0.5591836734693878	0.03291721787526662
ec	se_to_ec	source_pretrained_few_shot	5	aztreonam	5	556.4	1.7532386086055414	0.036870505145766536	1.281456334568612	0.03217545253179577	0.2359790321253065	0.03726744868593474	0.6277113508187588	0.02004052953272178	0.6252705225963627	0.016665874083584116	0.5411086508540753	0.010464642443724801
ec	se_to_ec	source_pretrained_few_shot	5	cefepime	5	666.6	2.23064243887471	0.07027970794123066	1.8412606804061098	0.06107430698126713	0.164897622140826	0.05803891592424514	0.5898254534259818	0.027495042638807393	0.599766197496088	0.023254117348796344	0.32903743323533424	0.013883372642771032
ec	se_to_ec	source_pretrained_few_shot	5	cefmetazole	5	488.2	2.656522450281428	0.06299611669772007	2.2801084669456424	0.0673579016140547	-0.6435602325134542	0.08988653929270468	-0.18867223186852533	0.03989177621211571	-0.22508363290729044	0.030770559302817097	0.19268832344362866	0.024474591904346532
ec	se_to_ec	source_pretrained_few_shot	5	cefotaxime	5	1098.0	3.6024258149341817	0.09688119796974715	2.9488692728973334	0.06634476310477763	0.41423142735694063	0.025119574130866924	0.7287648790121182	0.0253353093142895	0.7045071656788837	0.018274605626759217	0.17449908925318755	0.007584697898215102
ec	se_to_ec	source_pretrained_few_shot	5	cefoxitin	5	349.4	1.1833609099661115	0.05310498295018933	0.8578709635146401	0.034254861544674	0.19868648973586095	0.06201795894974541	0.5452700038222706	0.030340396064228514	0.3848856265862839	0.031964920248261156	0.6660750972116779	0.018271065337347896
ec	se_to_ec	source_pretrained_few_shot	5	ceftazidime	5	1197.2	2.5625012628688877	0.09612958873799417	1.9217813246861062	0.05779690225804522	0.24748840553970725	0.04822060521399213	0.6875042125602461	0.018537180310453524	0.7055401217725974	0.0036201949661239484	0.36095181377669733	0.01187486712857028
ec	se_to_ec	source_pretrained_few_shot	5	ceftriaxone	5	644.0	2.3189399527475	0.19082477703162548	1.682430392716612	0.15277044007732013	0.5578128909471892	0.07902476612014185	0.7793965600745439	0.035325360898027354	0.7098908809903606	0.027193010946274646	0.35776397515527947	0.05178493180354593
ec	se_to_ec	source_pretrained_few_shot	5	cefuroxime	5	808.6	1.7347173570638017	0.03255317242635774	1.3569405554043126	0.027986102957552928	-0.0935058796675401	0.025397320910412628	0.23424665547150925	0.020965537263773776	0.17834770386014173	0.022569352871266574	0.4462797561173505	0.011570095552038128
ec	se_to_ec	source_pretrained_few_shot	5	chloramphenicol	5	568.6	0.9495162942045917	0.048778844139785636	0.6519297869452879	0.029918850969732513	0.10706415940504983	0.044882459445773806	0.42484598428848264	0.037899064401811386	0.31326648245438926	0.022937046814676346	0.8421889568223637	0.023232182972840788
ec	se_to_ec	source_pretrained_few_shot	5	ciprofloxacin	5	1293.4	2.484495506742802	0.09776721168346554	1.7372534308258492	0.049920147294421784	0.6051875830723048	0.01976905940654878	0.7895202549761609	0.010427378569972088	0.7694036872411054	0.0031490003855141157	0.39926198732683776	0.02299805421641699
ec	se_to_ec	source_pretrained_few_shot	5	imipenem	5	843.8	1.5677545172730114	0.04676490605005461	1.1130209179050556	0.06614465182603156	-0.2708457801233828	0.08183016464968333	0.06645864691708182	0.06228339667148033	0.041587917545935396	0.0710630486632138	0.6102513216358487	0.01753708315401385
ec	se_to_ec	source_pretrained_few_shot	5	levofloxacin	5	547.6	1.1426993365726532	0.07438663018482518	0.8454849959932969	0.06069259103516525	0.7588201816550939	0.027470253992851367	0.8813958061522765	0.013727689677971546	0.7600501726892801	0.017508857024224726	0.6905189910663869	0.03282861961373186
ec	se_to_ec	source_pretrained_few_shot	5	meropenem	5	1076.0	2.044227345636691	0.02419378564567247	1.59819923130036	0.028072144003717946	0.05751181682206576	0.0221888069495465	0.26673010282310994	0.03563067787698732	0.22795578106401018	0.04247549550654882	0.3964684014869888	0.037331479692476015
ec	se_to_ec	source_pretrained_few_shot	5	minocycline	5	685.0	1.6815375736474412	0.05461985242355915	1.470758935386832	0.037255899309702946	-0.6621695655741655	0.14764080754622955	0.5164786718810113	0.035368922163054275	0.49083725297309344	0.02574525456491096	0.30480809709196105	0.02571146500384911
ec	se_to_ec	source_pretrained_few_shot	5	tetracycline	5	411.4	2.284626453835571	0.13044839859405477	1.67149784077388	0.08558371733655941	0.3764772178670665	0.07213402583762955	0.7040765748045377	0.04664578441712793	0.7277745097200138	0.02807035313595531	0.4357408326049811	0.028154764014746238
ec	se_to_ec	source_pretrained_few_shot	5	tigecycline	5	746.8	2.8431155771757055	0.06894765984474086	2.7064467213090486	0.06715812739368862	-14.29921151171482	1.0073325365677988	0.18105133108470897	0.02400720151650287	0.21006362487645402	0.02822523334077674	0.05302592556702827	0.005326549659941343
ec	se_to_ec	source_pretrained_few_shot	5	tobramycin	5	603.8	1.5634677589932324	0.03632177867570805	1.2637028442321059	0.03000436800284368	-0.07717398593063134	0.06205492471448458	0.303469973809924	0.04755693446698194	0.2649735335384082	0.054243528908277425	0.4512641999835473	0.015503389520375136
ec	se_to_ec	source_pretrained_few_shot	10	amikacin	5	848.4	1.3026237692036062	0.04541591789475309	1.042764817668838	0.04808996662242126	-1.1211161594258612	0.2286289633334081	0.23468268889160332	0.03680427706474325	0.23184429164263767	0.04267504878531901	0.5789769317954531	0.02521825269364999
ec	se_to_ec	source_pretrained_few_shot	10	ampicillin	5	343.0	1.9980867915866714	0.20031134412368837	1.2428052858314662	0.0682767725029011	0.38506876788542843	0.040805608122477244	0.6286399002565368	0.03378508824608264	0.5704096520096616	0.03444623078976751	0.5626822157434402	0.05329068948826119
ec	se_to_ec	source_pretrained_few_shot	10	aztreonam	5	556.4	1.6333492867289305	0.022646708619758142	1.2168545442766319	0.023223201974756167	0.3366008369208505	0.02722954612612046	0.6380907740884754	0.01585511608753093	0.6394011506940687	0.010811736181985178	0.5412361102432529	0.016720428193968444
ec	se_to_ec	source_pretrained_few_shot	10	cefepime	5	666.6	2.062847386995773	0.054503359881152576	1.6226511225867288	0.05218975662048116	0.28665744730250836	0.04126533662171178	0.5925104586687243	0.028874803849170943	0.6063998114682217	0.024022927583709854	0.3726335030682857	0.014328007404855462
ec	se_to_ec	source_pretrained_few_shot	10	cefmetazole	5	488.2	2.5094594791620404	0.05400389092747224	2.142376862403304	0.05534944294172402	-0.4656794590673721	0.05453198324419958	-0.18123801146418556	0.04331865221742964	-0.20902519688761673	0.041153676154941095	0.21289908031334157	0.020538434289719194
ec	se_to_ec	source_pretrained_few_shot	10	cefotaxime	5	1098.0	3.406191597739388	0.10798728485618345	2.692003890994142	0.09146181180325567	0.47605390866318736	0.027963863088337593	0.7471478387612008	0.02212483748034355	0.7241678508490368	0.017531185450785743	0.22465088038858524	0.013689843820139021
ec	se_to_ec	source_pretrained_few_shot	10	cefoxitin	5	349.4	1.1529202612951384	0.045968188399280886	0.8448346635145236	0.031710029577487156	0.23976312915444006	0.05104868187578132	0.5463765017568694	0.03826402006389989	0.38553367407623823	0.039523556162370015	0.6712261596693306	0.017817620546255464
ec	se_to_ec	source_pretrained_few_shot	10	ceftazidime	5	1197.2	2.374582403916375	0.10621635370287857	1.777784155379146	0.04920743869669572	0.3540623111732657	0.045303659310418055	0.6958569770833974	0.014510563889552084	0.7154633908500243	0.003899668627192031	0.37671004630849986	0.010840817687902076
ec	se_to_ec	source_pretrained_few_shot	10	ceftriaxone	5	644.0	2.2639628906644544	0.16714066048703927	1.6476128468185849	0.1319082723351947	0.578811020071724	0.06866838624935155	0.7931214228058516	0.032504913704442674	0.7267895154540802	0.025102191196125258	0.37598343685300206	0.04117689203470118
ec	se_to_ec	source_pretrained_few_shot	10	cefuroxime	5	808.6	1.6821390492950545	0.04181415877128026	1.3360827156119583	0.03217318860775228	-0.027802774261911394	0.032082735946556785	0.24468767236098019	0.02505651466115766	0.19016089073500397	0.023411784531305976	0.4452111195874429	0.014050041920798603
ec	se_to_ec	source_pretrained_few_shot	10	chloramphenicol	5	568.6	0.9137319036807099	0.055059964933963625	0.6139906735757877	0.0351874758191541	0.1740173864615584	0.038055465586944524	0.46517778622253214	0.03751651812931408	0.3509384917320264	0.034856199327275045	0.866452346180186	0.021927878343769722
ec	se_to_ec	source_pretrained_few_shot	10	ciprofloxacin	5	1293.4	2.4037471862197526	0.09755962994243982	1.6720070830257938	0.040957672812804324	0.6304648177377145	0.018867136675772625	0.8003339615311246	0.011720030888848354	0.7747308588201753	0.0022175047986411154	0.3838008569107304	0.01972837489270764
ec	se_to_ec	source_pretrained_few_shot	10	imipenem	5	843.8	1.479743832019605	0.0429646148618822	1.0190451246607646	0.016329945232565715	-0.13039178433405724	0.04787164748127349	-0.004653869268953517	0.05040106377492132	-0.047962653192922804	0.05247803591499263	0.6293759217719009	0.010025126120291218
ec	se_to_ec	source_pretrained_few_shot	10	levofloxacin	5	547.6	1.0717311664226625	0.08079875425222802	0.7314832647256299	0.05407323718930988	0.7877443437173942	0.03003236161243334	0.8911879417954301	0.01602322834993339	0.7549579139615152	0.02001806477965774	0.7788068851757374	0.018484461077439073
ec	se_to_ec	source_pretrained_few_shot	10	meropenem	5	1076.0	2.0521726320609823	0.035956312788765044	1.5419815703100135	0.03542509315547731	0.050566723856684294	0.011529756987758873	0.2402834174695721	0.0245794821301435	0.20000556781416984	0.03547603514585956	0.4395910780669145	0.058023717657104186
ec	se_to_ec	source_pretrained_few_shot	10	minocycline	5	685.0	1.3591061654750347	0.05989855371385826	1.1324769758537594	0.04762591879703047	-0.08633270727362789	0.11560195952134839	0.5642502238884749	0.03126035137823645	0.5191017918877584	0.024642257267462195	0.5186116457205546	0.02350036867403364
ec	se_to_ec	source_pretrained_few_shot	10	tetracycline	5	411.4	1.9905012907814938	0.1035040009902468	1.4130152830960319	0.06282208451827528	0.5262748615046323	0.04726148910950833	0.772150518145427	0.02151571129761149	0.7601251367134556	0.010795738296013787	0.4681505366183985	0.02668739412593991
ec	se_to_ec	source_pretrained_few_shot	10	tigecycline	5	746.8	1.589076787878602	0.050674013539498686	1.4619040079391117	0.046803322428758745	-3.770517344085107	0.4221339660150082	0.1267493120612933	0.02052450750204309	0.16505040037439167	0.017684594819216908	0.20263622257872718	0.01927353079445193
ec	se_to_ec	source_pretrained_few_shot	10	tobramycin	5	603.8	1.448941339261296	0.043553844237856236	1.1597290481731892	0.04540259899237266	0.0757798638246166	0.041532759990500503	0.3413114206537171	0.047275782311930824	0.30074895998861273	0.05530163123349817	0.453231413460371	0.025178407779945778
kp		target_only_scratch	1	amikacin	5	763.2	1.6810781349246273	0.07321301094799938	1.2606248338434871	0.06183141135389557	0.10379151934993994	0.03898552822868047	0.392307621141629	0.05206064731936645	0.4350234160513217	0.06856829654166421	0.5060592853987781	0.05153047348749584
kp		target_only_scratch	1	aztreonam	5	658.2	1.6731095785144325	0.08519110514225091	1.1876554975277245	0.039162223426382745	0.1281091572031428	0.06821013089156719	0.4375481613454838	0.07615608091709598	0.3618389379933485	0.04942603391801844	0.5963042682717662	0.06017640593679211
kp		target_only_scratch	1	cefepime	5	691.6	2.015267493294876	0.046824618931882146	1.5495258583936438	0.043492727413823117	0.09557074527949473	0.05804100183954549	0.3533030048391172	0.05891850797890317	0.2920288627192865	0.04831003490146771	0.4347478870922318	0.0504144045595517
kp		target_only_scratch	1	cefmetazole	5	158.8	2.8072563912685355	0.2035965275278136	2.3276382085091805	0.19057333726859607	-0.04039584678767191	0.10150843516736656	0.18203954806808126	0.0667499248497072	0.18395714949059766	0.08280755748424477	0.2509832019743651	0.09724742083190695
kp		target_only_scratch	1	cefotaxime	5	419.8	2.513079925612132	0.030391756241532144	1.8523990395073722	0.1177009976090365	0.026154214042768763	0.07959976096230884	0.29556329661864755	0.06739193222591107	0.0208324525900613	0.08334832432371914	0.3683737886071233	0.06717050648044286
kp		target_only_scratch	1	cefoxitin	5	561.8	1.5911204040998492	0.12997227760428043	1.2874090423938465	0.09961961667170267	-0.007991169562208971	0.18034662086220798	0.3159443099162568	0.05151901960778952	0.3107733574146156	0.07166158384001302	0.4685053577961833	0.025615388684947824
kp		target_only_scratch	1	ceftazidime	5	766.8	1.901722934283787	0.08979453723247852	1.3578332848092836	0.05461280459021444	0.1992279227766503	0.0884310075122605	0.4912880516294206	0.08295021396973067	0.40105723103761	0.0563932056472002	0.5501424627503311	0.06467663490057905
kp		target_only_scratch	1	ceftriaxone	5	574.4	1.9521374111922132	0.11389714934355025	1.3638009398326076	0.11465120964097462	0.029913860001273707	0.08301457636973641	0.3834379832138932	0.06609776254694685	0.045246748684078256	0.040855994727478424	0.5394320052517296	0.06330020793291784
kp		target_only_scratch	1	cefuroxime	5	622.0	1.6034407070402128	0.08404483843362348	1.1812924033803989	0.06144041196511761	0.07919128271617806	0.07860345571188933	0.37444300908745154	0.06948962198445707	0.2837882390812454	0.06310967792993147	0.5708439586601285	0.02654793917480418
kp		target_only_scratch	1	ciprofloxacin	5	813.4	1.7405618227049149	0.07613134000869005	1.184216648095962	0.07656953001540369	0.16369877857309081	0.09538539479017102	0.4751174740004792	0.09603205685204311	0.44976092295031267	0.07810919333694794	0.6048571536356242	0.040515277368663824
kp		target_only_scratch	1	imipenem	5	684.6	2.164564331133165	0.09041684881262432	1.7907037802234105	0.13698681623263365	0.15752992349949635	0.06729037278633711	0.4412967591538899	0.058342853136316715	0.4674774095907095	0.062358906113891395	0.29839629487343655	0.09292458411219365
kp		target_only_scratch	1	levofloxacin	5	596.8	1.6648314590435074	0.10196190195565957	1.3293213888472422	0.13694321978879437	0.2580273514422999	0.0980437025876909	0.5923363194381956	0.09052489151610807	0.5537188774663687	0.08032197086158606	0.46468913205213613	0.11794932873108585
kp		target_only_scratch	1	meropenem	5	1063.6	2.8558378273883673	0.12463299481777312	2.4366406196966897	0.1615679455860507	0.18414937393991754	0.05762752726954243	0.5136621633823959	0.041838392890474405	0.49904506399426474	0.041735532153576824	0.19225385901253603	0.06129595724982218
kp		target_only_scratch	1	minocycline	5	247.4	1.718639548759119	0.037346473086501554	1.365257905900983	0.04022461849347452	-0.1994824930998282	0.13337979662040786	0.14996737040204672	0.07645287941564184	0.15413825987656915	0.07438612923644487	0.4395150407034957	0.026863959382158825
kp		target_only_scratch	1	tetracycline	5	430.2	1.837993583488681	0.06260883130561962	1.4458876618855239	0.048318110791157914	-0.182665088918838	0.12194419316886503	0.07370225556992185	0.07894045996313594	0.010735952205802469	0.08475665466924368	0.42210471411356315	0.042517913115674086
kp		target_only_scratch	1	tigecycline	5	400.2	1.4751797571690486	0.21483710102563855	1.1645386984122832	0.1870584941490838	-0.7257221159152041	0.48158676313005155	0.025839151447181425	0.047704270292760725	0.03398105087102082	0.05973172315285674	0.518901080631754	0.07638198835597709
kp		target_only_scratch	1	tobramycin	5	607.0	1.4927957895325679	0.11191075378139428	1.23624397994217	0.08636950766410272	0.22728030156728649	0.11181953364239772	0.5243325176036485	0.07972209215001123	0.5091428852630493	0.07852752298069297	0.4399780340472268	0.06217446344471413
kp		target_only_scratch	5	amikacin	5	763.2	1.6011320706094552	0.052768693931620723	1.1468481845870655	0.039116386233683485	0.18531349144991247	0.06335632892398511	0.49670926996584175	0.05575688713413525	0.5109613746248597	0.04612307512382302	0.5847032321041525	0.03863612431985397
kp		target_only_scratch	5	aztreonam	5	658.2	1.5248175574301446	0.055729176043476734	1.051924957001353	0.05337577443885044	0.2747620301503112	0.06329677559718656	0.5439618682407625	0.05642030188914905	0.5009788371166592	0.03425065876543714	0.6448817730671259	0.02522006777184735
kp		target_only_scratch	5	cefepime	5	691.6	1.8890517573449095	0.07451904619221685	1.4479633854904521	0.03451891950633596	0.20426999463454082	0.07567519583446733	0.47051426468662116	0.06603378442676995	0.43713082276560244	0.0541571627685391	0.4519273399529876	0.04736751915712717
kp		target_only_scratch	5	cefmetazole	5	158.8	2.469436835016898	0.14629071874122795	2.015594675808839	0.21386960676697536	0.19006402695721997	0.10609207159031656	0.4385499374818201	0.11714585404317358	0.4078368644178553	0.08178857726657145	0.29380887933550937	0.07532006887486123
kp		target_only_scratch	5	cefotaxime	5	419.8	2.338087522112155	0.16259379681525027	1.6989293893722164	0.1679879716768787	0.15751528342113458	0.09638495898005497	0.43413918292921333	0.10529139773839015	0.20641094580473635	0.19088074581223521	0.38770339913923485	0.08183736864781543
kp		target_only_scratch	5	cefoxitin	5	561.8	1.3416718905984353	0.10774824070857307	1.0275278510020172	0.11643196209499375	0.2813409715230972	0.1321460369372669	0.5606337803885326	0.1137997592764351	0.5721361273672496	0.0960627313437249	0.5963591059808838	0.06567020709299987
kp		target_only_scratch	5	ceftazidime	5	766.8	1.7134445174119128	0.05874848272864498	1.187219848080147	0.028659732103620453	0.35113818327006285	0.052917552574008736	0.6059864463409516	0.04928266535249989	0.5503650380937603	0.027937173641194635	0.6058057400403729	0.01425076642269904
kp		target_only_scratch	5	ceftriaxone	5	574.4	1.6962480113410454	0.15526391206099727	1.140928761634659	0.15321563242195524	0.25871126166946123	0.15878027961589167	0.5431483442484746	0.11065003268550128	0.22544439173802258	0.21106888152849163	0.6289226884815433	0.09010137249164858
kp		target_only_scratch	5	cefuroxime	5	622.0	1.5145606309895716	0.0384603548593028	1.1010320669374183	0.02687881326447433	0.17849609503648595	0.03516412875486842	0.47479334970903747	0.03260968012218911	0.4283360608691041	0.031718283792508406	0.5959397325654694	0.020504855519601087
kp		target_only_scratch	5	ciprofloxacin	5	813.4	1.5268197755016553	0.067462854986436	1.020137694305038	0.05054196247832624	0.35651167317322535	0.07324285655434394	0.6089984767862413	0.053323178560990184	0.5600166637067031	0.03322685612279072	0.6646299602210023	0.019354309897435796
kp		target_only_scratch	5	imipenem	5	684.6	1.9355080840752663	0.089311639279773	1.4922127344960574	0.13901485218460694	0.32592517363861334	0.056904620536601246	0.6080747201773191	0.07206129946953091	0.6247779674556522	0.044238560107005546	0.4377244205404021	0.08035664054742281
kp		target_only_scratch	5	levofloxacin	5	596.8	1.3664515550886303	0.09349360583678887	1.0291062862005198	0.10071219977806495	0.49967064067745826	0.07536395591035795	0.7284684278222823	0.04776205274192408	0.7036950583208322	0.03801345245541801	0.6000005927998678	0.05831871546399264
kp		target_only_scratch	5	meropenem	5	1063.6	2.4809045038796187	0.1276239557801493	1.9781725849270366	0.20937164564401045	0.38319091721892773	0.057814221703043865	0.6440921120977589	0.030631165286960572	0.6484186832240099	0.02366234130245016	0.3206659051202795	0.0902741055451977
kp		target_only_scratch	5	minocycline	5	247.4	1.6595045078829238	0.09614351520433656	1.2984089417786484	0.06403615356330918	-0.11622194262832461	0.13466315719731436	0.26208198108535613	0.08344113782579327	0.2393421494482127	0.07388632730441176	0.4847960471899352	0.02505690528564597
kp		target_only_scratch	5	tetracycline	5	430.2	1.6990808922100409	0.16106458703032484	1.3189593125565306	0.14430658959303594	-0.016790462937428828	0.20265903529386467	0.27561396669988614	0.16446883215224178	0.2314661973330921	0.2054219170494729	0.47895429773916787	0.07987913431836809
kp		target_only_scratch	5	tigecycline	5	400.2	1.474708266463059	0.14063215094514447	1.157333581727756	0.11632284394353222	-0.7240601521367076	0.3461915655855624	0.05671460231045185	0.07018246970801943	0.04309283199346349	0.06524767911287496	0.5297514546965918	0.051899869827744485
kp		target_only_scratch	5	tobramycin	5	607.0	1.3426064610406785	0.05053199877420683	1.0467292683030276	0.06566791893142862	0.3759294429742416	0.05072422518827169	0.6208698617754089	0.04168072403054396	0.6386136380644227	0.04541128393736653	0.5446457990115322	0.05781913830883295
kp		target_only_scratch	10	amikacin	5	763.2	1.4839189628656742	0.06341821153514317	1.0029531233112046	0.03831173136178002	0.2993636098078857	0.07035927693280894	0.5835924645637867	0.04063514171746346	0.5792133356298664	0.052000766634591605	0.6520864580553206	0.014334492855867596
kp		target_only_scratch	10	aztreonam	5	658.2	1.4304635427014023	0.0557571909399334	0.953931061133144	0.03922595311096081	0.360680070496369	0.07085251010154484	0.6131338341754622	0.04527439574595533	0.5597268364165457	0.03826568381086153	0.683266848995506	0.02129324394986857
kp		target_only_scratch	10	cefepime	5	691.6	1.7555333146006167	0.07992543845494297	1.3138107651595852	0.06297990860493498	0.3130997849652296	0.06910770314253299	0.5750201603079778	0.047281655499992796	0.5312564477058282	0.051620984412208006	0.5103152561560833	0.016464470108367726
kp		target_only_scratch	10	cefmetazole	5	158.8	2.179421421691569	0.17956322749845197	1.638987058925612	0.1447936912769375	0.3674363582119383	0.11353344286209123	0.6129878095381924	0.08175181611959946	0.5245936716705415	0.08195684115320566	0.4185415173951119	0.04567583143361376
kp		target_only_scratch	10	cefotaxime	5	419.8	1.9799859792936565	0.13768598368782842	1.3013441404750954	0.08768544891963885	0.396367152565602	0.0725264668391616	0.6388293207621387	0.0586052546793626	0.5459594195048567	0.06895863625799684	0.5696553259444206	0.030783305062227317
kp		target_only_scratch	10	cefoxitin	5	561.8	1.182165484259788	0.08744282355521625	0.8622430584071603	0.05677360178216393	0.44537914595949973	0.07313608493949604	0.6841424229937163	0.04380769179018574	0.6816632930281022	0.039523454849426404	0.6746440444536822	0.03047910657465673
kp		target_only_scratch	10	ceftazidime	5	766.8	1.5999755203174113	0.08565694453670936	1.075689691369345	0.018382522857842087	0.4344916903227566	0.05516486333385448	0.6731527674626532	0.03618664584995183	0.6131759808015499	0.03144472837973749	0.6317101317057063	0.02771704083266387
kp		target_only_scratch	10	ceftriaxone	5	574.4	1.429472434306295	0.09106944412553977	0.8713248163730588	0.052676774550103826	0.4797688213760384	0.05169746120209627	0.7074462929904627	0.03050733262443845	0.5476566068197424	0.0613551591491997	0.752779679846488	0.013729950777064459
kp		target_only_scratch	10	cefuroxime	5	622.0	1.4304593188648331	0.027198369158289746	1.0118576326388657	0.021040110200685476	0.2667603527798176	0.04544641536029174	0.5479856887416321	0.026542090022605446	0.5003922063437514	0.01845491103126166	0.6331147600896393	0.0173724442486136
kp		target_only_scratch	10	ciprofloxacin	5	813.4	1.3919618782580498	0.046768847862665074	0.9164650394745205	0.015208101599326618	0.4666617120277688	0.03771924579375176	0.6883644968752863	0.030897613536128857	0.6370950715237759	0.02811226014853235	0.6951927948492396	0.01240254151081183
kp		target_only_scratch	10	imipenem	5	684.6	1.6398616647964268	0.03192561039702799	1.1885189217227066	0.0229925585785504	0.5169824538106939	0.012758962917080013	0.7316554795808512	0.0109390944078018	0.7101641056204115	0.005847375646591354	0.5576074614760745	0.012169233782473048
kp		target_only_scratch	10	levofloxacin	5	596.8	1.1352216220201776	0.04378246021590326	0.7702627661141526	0.03450596237637152	0.6556292931460355	0.036055409699044756	0.8151659860866278	0.021071938560319522	0.7708012663147283	0.022333956144008037	0.7377130778706793	0.010182506481890383
kp		target_only_scratch	10	meropenem	5	1063.6	2.20054611966236	0.03982747716810483	1.6318751620750624	0.024470279634021583	0.5156750172236008	0.019392998949448143	0.7241714502777583	0.009926845096008967	0.7236433722994288	0.014655118293371468	0.42309395313306786	0.0225336996619853
kp		target_only_scratch	10	minocycline	5	247.4	1.4198727994946387	0.05926744003190421	1.1053044878938878	0.027488689967306586	0.18619460715146854	0.048283524537479576	0.4632708202442021	0.04775868346312699	0.4379110399100764	0.038892379888976696	0.5389360498019242	0.007844550360048438
kp		target_only_scratch	10	tetracycline	5	430.2	1.4802217876491153	0.06933716391315099	1.0709848751658624	0.04090257625526546	0.23548763537570125	0.05147999154491276	0.4965482703030957	0.04541303027983213	0.5130592751928016	0.055407823252639654	0.5946074569686506	0.01258109836862261
kp		target_only_scratch	10	tigecycline	5	400.2	1.201586378565208	0.024703205639638535	0.9339225883174684	0.030145154105648032	-0.13110313689891215	0.0582419055627562	0.18286905665793923	0.03287275713852139	0.18134866935161348	0.03992679883423069	0.6308474646716542	0.023084731966302285
kp		target_only_scratch	10	tobramycin	5	607.0	1.2319005486002408	0.02734661644609916	0.9026630735443163	0.0145663428454316	0.4753458264669261	0.023318383489807852	0.700161592386199	0.01979049394108483	0.7235806672617952	0.018090988773883827	0.6506315211422296	0.009273951381695532
kp	ec_to_kp	source_pretrained_few_shot	1	amikacin	5	763.2	1.6294463160427266	0.04017064099944959	1.196101363526426	0.03040396513244387	0.15758326056528785	0.015474321086299803	0.44702190863931224	0.01817791538396236	0.35932884109964736	0.010962406459726697	0.5682168043274816	0.006173114544307581
kp	ec_to_kp	source_pretrained_few_shot	1	aztreonam	5	658.2	1.7042998038758301	0.06197613184695962	1.222867442094371	0.04933322861767918	0.09537930118071233	0.03930934065313807	0.3677790274387806	0.032969014581064285	0.25705183296719347	0.024381757780174942	0.5894790809075854	0.015733976165065312
kp	ec_to_kp	source_pretrained_few_shot	1	cefepime	5	691.6	2.0641748949216794	0.04935791154266487	1.476171868801801	0.020441059710797457	0.04947601257182094	0.0648251137097133	0.3490824867768757	0.046557903109910426	0.27769941735701364	0.03647865050577389	0.5154174648452858	0.01550385697384754
kp	ec_to_kp	source_pretrained_few_shot	1	cefmetazole	5	158.8	2.521231594476866	0.13932200542388684	2.0659356378252753	0.12481544072992175	0.1584219725973477	0.0874146352866725	0.42010124237606633	0.078838439206136	0.32643526322755945	0.06756680804409108	0.2795743438685879	0.028722938231380377
kp	ec_to_kp	source_pretrained_few_shot	1	cefotaxime	5	419.8	2.5904102358882217	0.17176406711170328	1.7941045889062894	0.09037340152368337	-0.03579292405223799	0.11230833833596136	0.39504315551415126	0.06765945022861952	0.2672035713820231	0.03291786242958273	0.40447906023294766	0.013803717288640938
kp	ec_to_kp	source_pretrained_few_shot	1	cefoxitin	5	561.8	1.47221614696528	0.04241527491197221	1.2422384206505401	0.0457896409843495	0.14133529527475724	0.046464784254464514	0.39812254486830784	0.044805982579086745	0.43328983854644887	0.04598964389369066	0.42934229350378966	0.05138383283801471
kp	ec_to_kp	source_pretrained_few_shot	1	ceftazidime	5	766.8	2.1152345467207203	0.02494322999610337	1.5961939440380601	0.04067004501446103	0.011325038367187203	0.06140125741463747	0.45253587034563314	0.030136710802463912	0.41351641673721734	0.010260189011946402	0.43166133920658856	0.030382799695846698
kp	ec_to_kp	source_pretrained_few_shot	1	ceftriaxone	5	574.4	1.9267432232244168	0.2117025351505566	1.2266421805967413	0.13133594620414632	0.04932640278954474	0.17694540328130445	0.4333685635246189	0.08462875267153207	0.28205008395995185	0.02921605845801289	0.6719971721456345	0.019456188625181732
kp	ec_to_kp	source_pretrained_few_shot	1	cefuroxime	5	622.0	1.8019873257452672	0.034655843600991755	1.4954556696125905	0.0452620958597164	-0.165755495916688	0.06244569027469706	0.32947147541408583	0.02396765359163017	0.3613192139472322	0.02380867931488212	0.3455717985191226	0.03387081705533877
kp	ec_to_kp	source_pretrained_few_shot	1	ciprofloxacin	5	813.4	1.8569099946562961	0.0457336060037527	1.4305643787480353	0.04313184880095215	0.049881382407946886	0.061655255121350026	0.5100354694517298	0.0106904038389601	0.5051029614327698	0.008979289472605448	0.4333376405077639	0.022232077926445843
kp	ec_to_kp	source_pretrained_few_shot	1	imipenem	5	684.6	2.33578423968665	0.08989065727141544	1.7563553945671029	0.07329564491484554	0.0174940082283127	0.07694474253687848	0.40728951314766204	0.047851954767972105	0.39562151984983174	0.036880439994307374	0.4495204962934506	0.03895075324825037
kp	ec_to_kp	source_pretrained_few_shot	1	levofloxacin	5	596.8	1.4928496951390713	0.05126969360097529	1.1660945656012014	0.04854765717754831	0.40530438176594397	0.032467739784330894	0.6880982004909935	0.013003102298207695	0.619288442943216	0.011854753245257948	0.5231427219823387	0.029231589105401155
kp	ec_to_kp	source_pretrained_few_shot	1	meropenem	5	1063.6	2.843713243894232	0.06152333058850312	2.2949310441783286	0.06229612974816816	0.19147131252965927	0.027608399806273155	0.48715584603510287	0.028095609447434285	0.4944479385156998	0.029178221600570896	0.3063807802667534	0.017919256532115176
kp	ec_to_kp	source_pretrained_few_shot	1	minocycline	5	247.4	1.693312229211788	0.059518726405180834	1.3127325010574047	0.04384741745628944	-0.15992522937708764	0.08375761390205551	0.36042462154908156	0.030654855634055962	0.3727969359042053	0.02120752957547952	0.4888250402681642	0.014900505887073248
kp	ec_to_kp	source_pretrained_few_shot	1	tetracycline	5	430.2	1.7707292973712687	0.06713133001104986	1.3638578076921914	0.044679419805160187	-0.10131920017955551	0.04528702023807562	0.4273208106534554	0.01848870229243907	0.4352383301142247	0.025524692135654725	0.4724973470745876	0.014909315455470348
kp	ec_to_kp	source_pretrained_few_shot	1	tigecycline	5	400.2	1.620148269254221	0.05061019904920317	1.3427523081364885	0.054986014294910415	-1.05483177650324	0.07053509657317057	-0.02859751183812344	0.0330322745826279	-0.0290934086017069	0.025055712054546677	0.42161512884455526	0.038924214844942635
kp	ec_to_kp	source_pretrained_few_shot	1	tobramycin	5	607.0	1.4259964828605838	0.0297076207054015	1.1166643502455633	0.026482536594439984	0.29366177662563037	0.023242263244720958	0.5843242554081485	0.015950123994159026	0.5809978107677425	0.010263898735175308	0.5478308621636463	0.018782174135801966
kp	ec_to_kp	source_pretrained_few_shot	5	amikacin	5	763.2	1.5294654784899298	0.03950109047319868	1.116094398206206	0.02299875277849435	0.25763869875209144	0.027545187707963627	0.515785778894368	0.03202716321615102	0.4384974597456616	0.0361157304706505	0.5983589351393519	0.01102314316707627
kp	ec_to_kp	source_pretrained_few_shot	5	aztreonam	5	658.2	1.6072901756556317	0.059406517624986804	1.1190504553737985	0.05006449073966058	0.1959061522548073	0.037599647923911475	0.4515609205389074	0.035654886359438316	0.34967010980809976	0.03041722760077892	0.6266506645411559	0.019708861786705133
kp	ec_to_kp	source_pretrained_few_shot	5	cefepime	5	691.6	1.953533156411496	0.043746989881748945	1.415682294135572	0.020771773166503107	0.1495078678746734	0.05497532905878588	0.42149909195822144	0.04661157494282205	0.36210547225256695	0.03858874785303428	0.5304630969609262	0.019360765990182913
kp	ec_to_kp	source_pretrained_few_shot	5	cefmetazole	5	158.8	2.4441120948276644	0.11521359377376077	2.012446228837592	0.1285398783020386	0.2094243641107311	0.07341520884543624	0.46479688419216353	0.07241220638365511	0.38094995311819657	0.06796929503356344	0.28837406788206876	0.044173339224868914
kp	ec_to_kp	source_pretrained_few_shot	5	cefotaxime	5	419.8	2.417181184576086	0.14764370992071016	1.6923511831168132	0.0700113018621697	0.10051251994367878	0.09049800364787924	0.44464762332743657	0.06231891056509907	0.2595736067180234	0.04996273143355551	0.40337170143767676	0.02404865368931726
kp	ec_to_kp	source_pretrained_few_shot	5	cefoxitin	5	561.8	1.4000906739272276	0.02959684373139479	1.1511316889608991	0.029422533858355766	0.22419628530964317	0.032745895747380675	0.4875075916721716	0.04103657879047525	0.5142515174464632	0.04378954573046167	0.48323338559475976	0.030717888384619866
kp	ec_to_kp	source_pretrained_few_shot	5	ceftazidime	5	766.8	1.8673244070459414	0.04150560534621255	1.3438960761243488	0.03438197356342012	0.2295811966394421	0.05363307155038378	0.5268323421512582	0.027956345978667887	0.5018720627178878	0.009869886492398913	0.5389469670922962	0.018465156173118905
kp	ec_to_kp	source_pretrained_few_shot	5	ceftriaxone	5	574.4	1.7876218549878415	0.18202247242584696	1.0977064282523137	0.09640965480314395	0.18485189102257557	0.12081912369806287	0.4982104506333851	0.07300498280582093	0.28988708618157366	0.0373858932774563	0.7082197646821189	0.01866080006426457
kp	ec_to_kp	source_pretrained_few_shot	5	cefuroxime	5	622.0	1.6266288120467927	0.02678559265974965	1.322727602856291	0.03132173799597412	0.05272219659077689	0.021508553210027124	0.3826350349609183	0.02096806287832847	0.40855350642497995	0.022818044439192952	0.4457701796006198	0.02244795016697511
kp	ec_to_kp	source_pretrained_few_shot	5	ciprofloxacin	5	813.4	1.6814677138925809	0.032103055223557435	1.2641569878150996	0.011705631919363892	0.22099292679404572	0.050368809517448265	0.5737538255134074	0.01494517038557173	0.5492887341185158	0.0057624425406853155	0.4918519941423618	0.01971183071259623
kp	ec_to_kp	source_pretrained_few_shot	5	imipenem	5	684.6	1.9875506216041028	0.04074230521042228	1.5159134280023534	0.06438936018068937	0.29038339199067276	0.023183790774574633	0.5715988113090912	0.02538383793130845	0.5529004557208623	0.010981287627401437	0.44824589860702035	0.055630568553270796
kp	ec_to_kp	source_pretrained_few_shot	5	levofloxacin	5	596.8	1.3667335633760127	0.03572302032187098	1.0508911697999985	0.037385325111932564	0.501351341736693	0.03160862561193385	0.7343109293047052	0.011970191582054994	0.6682692694672758	0.012891417944534618	0.5955143943150066	0.024587856767414294
kp	ec_to_kp	source_pretrained_few_shot	5	meropenem	5	1063.6	2.5977315904249636	0.026963639961750805	2.079344341081147	0.042705122034198274	0.3250644289325085	0.013398916196025616	0.5854681097245544	0.01736742097815755	0.5926846051111669	0.022913175594105595	0.3236181351780203	0.02236219119827344
kp	ec_to_kp	source_pretrained_few_shot	5	minocycline	5	247.4	1.5649861972376016	0.053280856221311686	1.1984426485742299	0.037074856406448774	0.01127023145816106	0.03869269762844768	0.3761818822658842	0.023688062555703358	0.37556872563987165	0.015268368135987866	0.5146913499629969	0.01527677434719299
kp	ec_to_kp	source_pretrained_few_shot	5	tetracycline	5	430.2	1.5678601830420988	0.05800867217866182	1.194558424684186	0.04006872202804823	0.14109741887769783	0.04202346506396305	0.46754513518857443	0.024243560171440953	0.4828925876052609	0.024586032696267413	0.541768377129085	0.015434561106463615
kp	ec_to_kp	source_pretrained_few_shot	5	tigecycline	5	400.2	1.3658411679007745	0.01928878185770288	1.1076403699776443	0.01313207279839115	-0.46088408207130904	0.042308578760166464	-0.020324578125346625	0.0464197198524267	-0.02584142715497667	0.03766262058114619	0.5460548628428928	0.014668286006109
kp	ec_to_kp	source_pretrained_few_shot	5	tobramycin	5	607.0	1.342359376096533	0.03421261514719187	1.039730607055819	0.02561387746464606	0.37573709280003476	0.022427931619218827	0.635085667999828	0.015060041066578817	0.6385855078218994	0.011173572408181138	0.5800109829763866	0.013592958606213875
kp	ec_to_kp	source_pretrained_few_shot	10	amikacin	5	763.2	1.4957410061074028	0.031999074329565065	1.0795706355719203	0.017060855188009035	0.2895707182175499	0.038322417622262274	0.5475816238615674	0.03715932843809994	0.4849329988946557	0.03887583527524544	0.6061329744920748	0.009902512243046559
kp	ec_to_kp	source_pretrained_few_shot	10	aztreonam	5	658.2	1.5626693622881505	0.05253398317494868	1.07659067126788	0.04279974173911839	0.24011669683938908	0.027922570071444046	0.4964426948307392	0.0286536561960955	0.39673141067159967	0.024514896935294243	0.6409277752618329	0.01594407083789329
kp	ec_to_kp	source_pretrained_few_shot	10	cefepime	5	691.6	1.9048926620940285	0.02988065906346085	1.3933142146788302	0.029912229479508504	0.19192445787327994	0.04695499515023424	0.45804710012023697	0.045714877062278655	0.40132714073403797	0.0320457744925018	0.5252517225321991	0.02644597931513777
kp	ec_to_kp	source_pretrained_few_shot	10	cefmetazole	5	158.8	2.40363204840276	0.10861247060079081	1.9869021793399504	0.12650892491463075	0.23545387694706443	0.07026689399772074	0.4943625372120513	0.0701433931831035	0.4166294028860394	0.07048493166148236	0.2896451980999389	0.04702789422122707
kp	ec_to_kp	source_pretrained_few_shot	10	cefotaxime	5	419.8	2.2710476913987683	0.1317253936937576	1.6010822854411946	0.06609071610423956	0.20504442974521758	0.09044229379010447	0.5009264612301549	0.0698756084427603	0.3035762549858098	0.04787542767600502	0.42480033045574794	0.026107423854531006
kp	ec_to_kp	source_pretrained_few_shot	10	cefoxitin	5	561.8	1.365174520580665	0.028491490317393543	1.1163130522272224	0.03006586006768274	0.26260044246305236	0.02388798216587995	0.5303355985435771	0.02942415744537732	0.5474992802255491	0.030984493674657995	0.5093342759461977	0.025398458031020955
kp	ec_to_kp	source_pretrained_few_shot	10	ceftazidime	5	766.8	1.7948693465259242	0.04105955641153649	1.2838866871862904	0.03460629234356071	0.28804808281994737	0.052702155047771496	0.5643173430272405	0.02785467970953302	0.5340955857189346	0.0063625028246065045	0.5610326081406314	0.0166418179619218
kp	ec_to_kp	source_pretrained_few_shot	10	ceftriaxone	5	574.4	1.6814757034672074	0.15385301185256398	1.0288046519472847	0.0735101690052873	0.2793232491045775	0.09802239615981129	0.558436901357444	0.06583419108013729	0.32503280101516574	0.06213045534824468	0.7228486592940464	0.01147583377064546
kp	ec_to_kp	source_pretrained_few_shot	10	cefuroxime	5	622.0	1.5690339346327984	0.025782819582463003	1.2609473845545351	0.02683229736941705	0.11883545859214757	0.01871311916684283	0.41557073254680776	0.015801678074875952	0.43315957272157835	0.017894952769661257	0.4848894855059734	0.014320264103549526
kp	ec_to_kp	source_pretrained_few_shot	10	ciprofloxacin	5	813.4	1.599166314025553	0.030676662747814592	1.1919146379707946	0.015342020110299216	0.2952262446130094	0.04579536005712216	0.6088106979021123	0.01948960235309408	0.574198199072152	0.010134536828342188	0.5342301332503648	0.017317774146597714
kp	ec_to_kp	source_pretrained_few_shot	10	imipenem	5	684.6	1.8778821028612185	0.041074420910664024	1.3955718740095555	0.054393112748487876	0.36657261705467736	0.02043230868686674	0.6260696820922445	0.022414186053987404	0.609775089082097	0.010905324436401742	0.506381098732232	0.039885567711996445
kp	ec_to_kp	source_pretrained_few_shot	10	levofloxacin	5	596.8	1.2949648540917202	0.029828624754011844	0.9863928108603466	0.024292709140256597	0.5527675131689047	0.018863106785610904	0.7610276863339063	0.01264200473040086	0.6946306650523207	0.01837538575322052	0.6315810645484988	0.01719650459602821
kp	ec_to_kp	source_pretrained_few_shot	10	meropenem	5	1063.6	2.4935639076545	0.01702849616457435	1.9742545917473389	0.027334863890192934	0.378247678049983	0.010107001590588265	0.6311953486553954	0.014242430944559736	0.6379856212647941	0.02203900996093019	0.35251510714698314	0.01642062222734321
kp	ec_to_kp	source_pretrained_few_shot	10	minocycline	5	247.4	1.537108078864702	0.0630187796810692	1.1770767683924936	0.041593653412798734	0.04699609518144621	0.028317230537134353	0.3824257601203385	0.02546376828848455	0.3826059082661759	0.019044552747562594	0.5254821296417221	0.011681437743957804
kp	ec_to_kp	source_pretrained_few_shot	10	tetracycline	5	430.2	1.5101105937049852	0.06122143990712097	1.140805264660222	0.04849249949177095	0.20407601428579886	0.0360274493438204	0.493316420296961	0.022826982158610773	0.5134674983186919	0.02323141259547478	0.5619155020773754	0.016463806109294554
kp	ec_to_kp	source_pretrained_few_shot	10	tigecycline	5	400.2	1.3410178040887073	0.011566500242808968	1.083224560788928	0.026613551795183807	-0.40835974412371356	0.03797511053105035	-0.011590999450004195	0.044412271697019966	-0.020948412375987213	0.03529644586807765	0.5482265170407314	0.00946127336334054
kp	ec_to_kp	source_pretrained_few_shot	10	tobramycin	5	607.0	1.2769029416329811	0.035219084263305854	0.9847906173846672	0.027978997379806175	0.43586518277571873	0.02230564730983731	0.6713826128137244	0.01553138169421233	0.6761181130285898	0.011803886477558133	0.6093355299286106	0.009766515646408876
kp	se_plus_ec_to_kp	source_pretrained_few_shot	1	amikacin	5	763.2	1.7176467435939542	0.03134862646648129	1.2563993088106349	0.016438811823089525	0.06314997968098311	0.018993792824562025	0.3516424469023824	0.0324711637699598	0.3197352023585558	0.029607804845925477	0.5599174911003938	0.011421725530059008
kp	se_plus_ec_to_kp	source_pretrained_few_shot	1	aztreonam	5	658.2	1.6459710224514403	0.03914054212243312	1.170466265708667	0.022632048929856725	0.15615188347622067	0.039167098659156546	0.44410908068928395	0.028641284245972707	0.33443819379406436	0.00959050031182122	0.5995051754318884	0.011971754783174608
kp	se_plus_ec_to_kp	source_pretrained_few_shot	1	cefepime	5	691.6	2.0755314268719713	0.05174285122486129	1.5203301921244115	0.037100579799039676	0.040434279029517475	0.06732409979141098	0.3730561283555212	0.04887794861470125	0.2697223774421317	0.04127483682571111	0.4827511160558683	0.015864056422911086
kp	se_plus_ec_to_kp	source_pretrained_few_shot	1	cefmetazole	5	158.8	2.5469208251275415	0.10502529434250926	2.130084384897663	0.09831231766511704	0.14198319761729788	0.06813443612385456	0.3938986714796676	0.0721156331934915	0.32082747423367136	0.06368638945342284	0.24684340418756467	0.02793892450603596
kp	se_plus_ec_to_kp	source_pretrained_few_shot	1	cefotaxime	5	419.8	2.54011371397741	0.12859107141711995	1.8685157077037033	0.08179842101934828	0.004133894251305248	0.10872675163336394	0.5066477713380221	0.05551923833948308	0.24230864013226894	0.04076613361304702	0.35749214825660836	0.022162163723510417
kp	se_plus_ec_to_kp	source_pretrained_few_shot	1	cefoxitin	5	561.8	1.7450708572563234	0.05110789266331105	1.426129684021598	0.04608584453997254	-0.2096470263366538	0.08087915870178677	0.27619996307899064	0.030273691307564105	0.30286310063672006	0.028619219874702347	0.3679762475199164	0.016351686829193194
kp	se_plus_ec_to_kp	source_pretrained_few_shot	1	ceftazidime	5	766.8	2.101200391198762	0.03835001203070245	1.5188255473994343	0.03590874901173504	0.021985972686705817	0.07473005052182984	0.49364593228285436	0.0280742715595947	0.41923525975767195	0.023728096798247958	0.493386006538195	0.015582599086938976
kp	se_plus_ec_to_kp	source_pretrained_few_shot	1	ceftriaxone	5	574.4	1.9810875587067744	0.11076107216361694	1.2900387263575908	0.07544942488271857	-0.010222724239712927	0.1873972808793264	0.5650754757956671	0.05046800716947288	0.19909331960227886	0.057362415967202186	0.6112861687623088	0.043846709563662635
kp	se_plus_ec_to_kp	source_pretrained_few_shot	1	cefuroxime	5	622.0	1.755476123936982	0.056007013392986325	1.480312705279679	0.052257781963750666	-0.10682535397736932	0.053059784935630655	0.3618845435108101	0.017831463228877836	0.38753860207134794	0.01592563662255538	0.3301437357759029	0.02467425185866907
kp	se_plus_ec_to_kp	source_pretrained_few_shot	1	ciprofloxacin	5	813.4	2.1337921089009866	0.046823655723675	1.6527400675010953	0.03285287189439376	-0.25545122334524917	0.08757509726120533	0.5706306644102205	0.011107326750360389	0.5251720826566023	0.01024385453886836	0.38006205407910454	0.01816007642025853
kp	se_plus_ec_to_kp	source_pretrained_few_shot	1	imipenem	5	684.6	2.449918439809376	0.07067679167107897	1.8159306502946215	0.06222429351758966	-0.08092829900761858	0.05832211577869209	0.35222336910673013	0.032420538498254235	0.3693381087836824	0.022422709028515682	0.4578844922525291	0.01454877916548304
kp	se_plus_ec_to_kp	source_pretrained_few_shot	1	levofloxacin	5	596.8	1.3712817878468035	0.05064133360252016	1.0238198057727976	0.040219344472548116	0.49850126179991994	0.030997473950593147	0.7289292906762455	0.017237319059359515	0.6582973886701923	0.008524636658632845	0.6138543971481639	0.02875746958560965
kp	se_plus_ec_to_kp	source_pretrained_few_shot	1	meropenem	5	1063.6	3.126586388986273	0.05778718570969669	2.4672952915650166	0.058927623309335264	0.020405731891433514	0.02630477866260849	0.45315580757545526	0.024829194088810087	0.46630739246405106	0.027228121807878758	0.2960379547174615	0.00852127100868073
kp	se_plus_ec_to_kp	source_pretrained_few_shot	1	minocycline	5	247.4	1.637837441893889	0.06452398794201541	1.2446276189989418	0.03490121070827016	-0.08521110232028783	0.05000735126931682	0.38836185426296094	0.027502673130667045	0.40400032711470557	0.025420419826393943	0.5176668407992686	0.015649399207009397
kp	se_plus_ec_to_kp	source_pretrained_few_shot	1	tetracycline	5	430.2	1.6201377983496392	0.04465132789588891	1.2902538732423268	0.03478202296282114	0.0830941373673175	0.04772948728858179	0.5190802705338382	0.025994373317900825	0.5176219080370916	0.028452806590378774	0.4635083364808719	0.006298299632861654
kp	se_plus_ec_to_kp	source_pretrained_few_shot	1	tigecycline	5	400.2	1.6321995831795697	0.053598385011868796	1.3569127174995264	0.06042789933988136	-1.0932157137794454	0.09041092727541884	-0.011331851607211013	0.025564825372419303	-0.010252924891380334	0.02050466859206562	0.40394596841230257	0.03527564410465974
kp	se_plus_ec_to_kp	source_pretrained_few_shot	1	tobramycin	5	607.0	1.4843982104479652	0.030803935161963773	1.136465817272565	0.02581586506293483	0.23791405978224883	0.031461257330986536	0.5760089538699749	0.021510084221905923	0.565357288969391	0.019349187256679157	0.557825370675453	0.026124712599495344
kp	se_plus_ec_to_kp	source_pretrained_few_shot	5	amikacin	5	763.2	1.5774611995699852	0.04108113116866405	1.1570547829365025	0.020430141401137435	0.20999854120921904	0.040103830365723736	0.4685306237285795	0.04928387484810391	0.44524753818674034	0.04353590187500439	0.5681342398365727	0.008278105635035112
kp	se_plus_ec_to_kp	source_pretrained_few_shot	5	aztreonam	5	658.2	1.5538534799268622	0.04033732915233046	1.091270509491544	0.030208790385415494	0.24796395017273443	0.038178563623409836	0.5070009616859397	0.033324515258877155	0.39789708197478646	0.011383200295836796	0.6368821653780847	0.007117135921165199
kp	se_plus_ec_to_kp	source_pretrained_few_shot	5	cefepime	5	691.6	1.9334019203111439	0.0470210504199812	1.4262126047840546	0.021531780801898676	0.16733791377068463	0.06081863046068836	0.43823804383277254	0.048149412378351276	0.3420446192417327	0.04346543482149141	0.5112854788653456	0.016551437731796625
kp	se_plus_ec_to_kp	source_pretrained_few_shot	5	cefmetazole	5	158.8	2.452093039706433	0.11009340065129461	2.050174663125104	0.12543361103902048	0.20471960843181938	0.06839084604841271	0.4587108143908744	0.07224158352034708	0.3839730524896551	0.0652987789428329	0.25606241541278557	0.04046481083071979
kp	se_plus_ec_to_kp	source_pretrained_few_shot	5	cefotaxime	5	419.8	2.2647860096732493	0.13905605150101877	1.6365295488806701	0.09197923549859353	0.2077777850436695	0.09954118845991311	0.5471754948035745	0.050706271195896976	0.2832302710948681	0.06179011793245192	0.4014661692733563	0.022264386849447666
kp	se_plus_ec_to_kp	source_pretrained_few_shot	5	cefoxitin	5	561.8	1.5257388440470168	0.0481598255722712	1.2500752198453662	0.041274500921158225	0.07746676569872962	0.05963096278425446	0.37389788937293117	0.03649932585740378	0.40864545604550395	0.03633982499110176	0.4401461934803869	0.021787588642661032
kp	se_plus_ec_to_kp	source_pretrained_few_shot	5	ceftazidime	5	766.8	1.8111116267360443	0.04602313655027055	1.2927007320531758	0.028783738869105357	0.2745378001839355	0.056999856546151056	0.5623567922977323	0.03229688581560072	0.4804213828374026	0.019554654598699418	0.5543396389128123	0.008353731220033727
kp	se_plus_ec_to_kp	source_pretrained_few_shot	5	ceftriaxone	5	574.4	1.7500849565782572	0.10632338711620185	1.0944379569498035	0.056442578665763035	0.21347383759646057	0.13771523798974541	0.5948827174354364	0.04555035363589655	0.24283689359712265	0.05158011463866864	0.6898748674443267	0.011262190116077665
kp	se_plus_ec_to_kp	source_pretrained_few_shot	5	cefuroxime	5	622.0	1.56147653473879	0.0433334913548473	1.24769177402633	0.04419540174925106	0.12724954633262067	0.018879414949520928	0.4315987781799289	0.009501349268998446	0.44495054003891943	0.013877327559533602	0.48007011151115064	0.028665788074271187
kp	se_plus_ec_to_kp	source_pretrained_few_shot	5	ciprofloxacin	5	813.4	1.8579649551399213	0.0504604891725739	1.4228348025665283	0.030550066775663673	0.04697465982887987	0.07532331630167548	0.6071879729426938	0.014937099682385345	0.567268513340881	0.016327481556126348	0.44194147464283606	0.020997346957244107
kp	se_plus_ec_to_kp	source_pretrained_few_shot	5	imipenem	5	684.6	2.03485114793668	0.03172658858373074	1.57890357130017	0.05804361884925418	0.255371439091057	0.016943729056223874	0.5357311122635787	0.02846015925460167	0.5359847302207439	0.010157447403984183	0.4190313171411903	0.0404848874340165
kp	se_plus_ec_to_kp	source_pretrained_few_shot	5	levofloxacin	5	596.8	1.2792397204273527	0.0515663926419344	0.9417101930986036	0.054939187255697554	0.5631108638029756	0.03846256581185629	0.7632738166397296	0.01860865960911395	0.6901050241653827	0.01521892590757367	0.6556218388524067	0.032619699499191294
kp	se_plus_ec_to_kp	source_pretrained_few_shot	5	meropenem	5	1063.6	2.6612209131850717	0.038506762853190574	2.1305910184747754	0.04227672933658702	0.2915297118315234	0.011954661622984445	0.5723521863506732	0.01873313511700406	0.5799340747113944	0.021607697067690754	0.323365622428602	0.009208593217745618
kp	se_plus_ec_to_kp	source_pretrained_few_shot	5	minocycline	5	247.4	1.527040199793063	0.0588427392200103	1.1676088299581024	0.03322016607298503	0.05885664754703616	0.024956608619006723	0.4063299816935005	0.02693522174815112	0.4189137648585716	0.023290637402676718	0.5333137434156109	0.02178729260896771
kp	se_plus_ec_to_kp	source_pretrained_few_shot	5	tetracycline	5	430.2	1.4989892945611138	0.05149755604268897	1.1751849203623979	0.033563846333346595	0.2152233183425282	0.04872344011045374	0.5320293674683378	0.026716695630486904	0.5382995582798448	0.026108118192092324	0.5165064119858271	0.012209354288481786
kp	se_plus_ec_to_kp	source_pretrained_few_shot	5	tigecycline	5	400.2	1.312072593665246	0.023534146147991673	1.0499760551481405	0.012986151822330955	-0.34934977376431603	0.05350066864473204	0.008961775064031076	0.04196691297551312	-0.00032523896471709917	0.036836818820823285	0.5553940149625934	0.014156102817838103
kp	se_plus_ec_to_kp	source_pretrained_few_shot	5	tobramycin	5	607.0	1.3310007632928809	0.029858547838175264	1.0132511450293822	0.01273401846955328	0.38729828046724096	0.031051663052480062	0.6447774487428543	0.020824182180404213	0.6389006090147331	0.02129645979362628	0.6083470620538167	0.017376026677077286
kp	se_plus_ec_to_kp	source_pretrained_few_shot	10	amikacin	5	763.2	1.5265550319513133	0.0373408355523841	1.110035283314288	0.018646011138519467	0.25998533088333386	0.042584395838270624	0.5235323669087728	0.04905974502951045	0.5019461968131649	0.04768617913663495	0.5887490056225799	0.012573354573867043
kp	se_plus_ec_to_kp	source_pretrained_few_shot	10	aztreonam	5	658.2	1.5214817926648352	0.03843942123450767	1.0611132430481791	0.030645759076067355	0.27917446830257175	0.032296803552101454	0.5352267102023683	0.03075067697484244	0.4380719231471598	0.006763056311956952	0.6505510644716732	0.011088686251935135
kp	se_plus_ec_to_kp	source_pretrained_few_shot	10	cefepime	5	691.6	1.8806621989577228	0.03568499210005425	1.400614805142636	0.03419566174056096	0.21243561709786593	0.050973939940203467	0.47203319081995954	0.04595632152876159	0.39136765241841365	0.04170859640241727	0.49903716654258296	0.04062600624798897
kp	se_plus_ec_to_kp	source_pretrained_few_shot	10	cefmetazole	5	158.8	2.3926066160348385	0.10982250450125851	2.0016250807970786	0.13365190915860006	0.24267167485888264	0.06844177722866882	0.5028298113428036	0.06982904606792782	0.4239677203955929	0.06677820521754373	0.25733089191412567	0.04734349660634103
kp	se_plus_ec_to_kp	source_pretrained_few_shot	10	cefotaxime	5	419.8	2.146449458155395	0.11440710278087977	1.5262869979579794	0.07586757522172838	0.2885426555565635	0.08616758270116902	0.575830664136305	0.05903890167810831	0.3529949906314602	0.06055854974925163	0.44783818466379016	0.033144202266466284
kp	se_plus_ec_to_kp	source_pretrained_few_shot	10	cefoxitin	5	561.8	1.4406725676804837	0.04869604000855514	1.1647613282259937	0.045373962315677696	0.178609797902144	0.038731226868746374	0.4437076530672887	0.0341273010522908	0.48734446333191317	0.03962302719028859	0.4912797474580529	0.029485923336533344
kp	se_plus_ec_to_kp	source_pretrained_few_shot	10	ceftazidime	5	766.8	1.7397018847762105	0.045325356281602114	1.2247228951109184	0.02408568454543915	0.33106738008000375	0.05048249319546886	0.593164997696809	0.033565585866250636	0.5160805390215605	0.02151960328838148	0.5927671360958965	0.00978431292910143
kp	se_plus_ec_to_kp	source_pretrained_few_shot	10	ceftriaxone	5	574.4	1.6662469247760363	0.09927118600854537	1.01559090031186	0.05099605166927194	0.28862907409338756	0.11163736517410032	0.6163632624340307	0.04762147461325452	0.30582208713767806	0.05861822924190215	0.7101899712164824	0.010227567688157494
kp	se_plus_ec_to_kp	source_pretrained_few_shot	10	cefuroxime	5	622.0	1.5119517160606475	0.03720605262525934	1.183236595929191	0.036062385245865386	0.18167314174687976	0.021721459334518464	0.4609102710897018	0.013529353086715682	0.4563339846906428	0.0197710277955976	0.5338670567887925	0.02237129026739479
kp	se_plus_ec_to_kp	source_pretrained_few_shot	10	ciprofloxacin	5	813.4	1.690983083658334	0.04221019677755913	1.271826724462257	0.026272066558094952	0.21130292864688238	0.06054640846062591	0.63246160314902	0.017473379267073975	0.6009845710037258	0.017837638170317464	0.5106223384948414	0.016983837833404937
kp	se_plus_ec_to_kp	source_pretrained_few_shot	10	imipenem	5	684.6	1.8895656299566963	0.033940223240552146	1.4317152600806624	0.05068645214374226	0.35813741905814755	0.016907252274612674	0.6226798905569778	0.02335575986472184	0.6106258065178368	0.010930718697584512	0.47852805167826296	0.028931587358174096
kp	se_plus_ec_to_kp	source_pretrained_few_shot	10	levofloxacin	5	596.8	1.2195565858230368	0.035420431980564285	0.885556446793401	0.036067635379682654	0.6034303111157909	0.02263995257744115	0.7862468978997763	0.015376230165811702	0.7194119712258299	0.021895848016809875	0.685649374844915	0.01977530785625868
kp	se_plus_ec_to_kp	source_pretrained_few_shot	10	meropenem	5	1063.6	2.5242756895818568	0.024099822877768035	2.0088049519172513	0.02872005623402033	0.36264432320644435	0.009266579431148019	0.6296729134245944	0.013088981734378778	0.6348748539883854	0.019940550125357517	0.3404791376371314	0.010366336601104734
kp	se_plus_ec_to_kp	source_pretrained_few_shot	10	minocycline	5	247.4	1.4902039079379932	0.06905240802880525	1.1490942196128864	0.038109572797146954	0.10427210296645732	0.029396744665001622	0.4153625806954649	0.031146455769954236	0.42429995797525316	0.027066363651213423	0.5387031474467807	0.02371725632340106
kp	se_plus_ec_to_kp	source_pretrained_few_shot	10	tetracycline	5	430.2	1.4532144552084982	0.055805112624803484	1.124256874722228	0.043979791548763324	0.2632179913087822	0.037158203223409	0.5432917361486858	0.017007826439425784	0.5540285900434279	0.0191814789528571	0.5431583301857946	0.017172182072822464
kp	se_plus_ec_to_kp	source_pretrained_few_shot	10	tigecycline	5	400.2	1.2919981918566152	0.015446942458298248	1.0313482610456357	0.023700908826181647	-0.30788387973088327	0.04338498543815875	0.014349071977911831	0.04347340322277619	0.007868345653814179	0.03132427312103589	0.5637223607647548	0.014217669887768777
kp	se_plus_ec_to_kp	source_pretrained_few_shot	10	tobramycin	5	607.0	1.2634061025439727	0.03751973398068527	0.9573241364065594	0.016574027626630326	0.4479247496618908	0.033749022137228725	0.6780420371243868	0.022264249172902772	0.674018692345218	0.021393487685404607	0.6221856123009336	0.01920843759735606
kp	se_to_kp	source_pretrained_few_shot	1	amikacin	5	763.2	1.857700846600972	0.059740720297314656	1.4603158206095495	0.05376113762474054	-0.09535482214356569	0.06247318039343481	0.23869686886716407	0.02187935154252544	0.24779413801600386	0.02371221916068899	0.395889799403587	0.018758877761202396
kp	se_to_kp	source_pretrained_few_shot	1	aztreonam	5	658.2	2.0269136097724214	0.01897796411661788	1.5764214413065107	0.02651514172293815	-0.29033245011546394	0.0934880076139687	0.3730090693460163	0.030250236082095806	0.24789102790451795	0.03417129218143278	0.43574599799261227	0.018313754673491885
kp	se_to_kp	source_pretrained_few_shot	1	cefepime	5	691.6	2.805842251078962	0.11748581948877268	2.204463118120974	0.10133854349149206	-0.7580049671496852	0.13582141931107927	0.25412223842451753	0.033502234628150676	0.16481375455925698	0.04053509980034074	0.2983293319837492	0.027107468596954874
kp	se_to_kp	source_pretrained_few_shot	1	cefmetazole	5	158.8	2.860595988354875	0.08195501372006078	2.5524835004681687	0.1039317623160675	-0.08083305167876424	0.0437803222401074	0.0863868398798786	0.048034535887120075	0.05210058098705563	0.0348385821878947	0.13310776742828329	0.023114138326794605
kp	se_to_kp	source_pretrained_few_shot	1	cefotaxime	5	419.8	3.369777648179654	0.029282431374461328	2.6931931056134712	0.038892351829933586	-0.7480505501172348	0.11251394278402373	0.46528587646927555	0.022889432195889695	0.3757853781715718	0.04389175296923826	0.23659560932255222	0.02860063933313016
kp	se_to_kp	source_pretrained_few_shot	1	cefoxitin	5	561.8	2.100160868552146	0.022572455541905147	1.7501267604378512	0.015707012588874154	-0.7486664417243276	0.07306977077859464	0.15451187714713852	0.03125877151532838	0.13862008001211232	0.03165918653770454	0.30958613088430653	0.015628271213558927
kp	se_to_kp	source_pretrained_few_shot	1	ceftazidime	5	766.8	2.4099293081877926	0.037422762033384446	1.8412519124796134	0.04095530451856239	-0.28798311088244394	0.05605155566184948	0.37451542288745504	0.013496826694562793	0.2784290060137709	0.014352820662841864	0.4034092340371934	0.02176791001350558
kp	se_to_kp	source_pretrained_few_shot	1	ceftriaxone	5	574.4	3.4193214420732	0.0737449189516644	2.3993600708427847	0.05051399657109532	-2.0051961371540283	0.45766471040208623	0.425598750853433	0.03811269793396035	0.23284876002097316	0.054403772274065024	0.4102826844417512	0.0043579655666754835
kp	se_to_kp	source_pretrained_few_shot	1	cefuroxime	5	622.0	2.5162045199596683	0.05312786416077001	2.172994598434752	0.04969215881196434	-1.28543702299388	0.1609328484531049	0.22597877434671343	0.013260487370496734	0.1826510302353937	0.014319657097861944	0.199265475262608	0.017130165012106704
kp	se_to_kp	source_pretrained_few_shot	1	ciprofloxacin	5	813.4	2.508232206664595	0.10621271692233039	1.9516276791815634	0.07212719563202756	-0.7385664219824354	0.18496001688386315	0.6298548472829373	0.00969228880110912	0.5850762092461619	0.025001516838819293	0.3380913021134423	0.015157096948393681
kp	se_to_kp	source_pretrained_few_shot	1	imipenem	5	684.6	2.371296798749262	0.13870872461773745	1.889268928282084	0.07782455907710195	-0.01566303992177893	0.12577776023957038	0.2936251345952884	0.015156080929730243	0.3039981981344694	0.020268527883594328	0.3474099685548014	0.10171509808245009
kp	se_to_kp	source_pretrained_few_shot	1	levofloxacin	5	596.8	2.4338979769180797	0.1593785200121927	1.7849394728750894	0.12417274427812403	-0.5872148703749024	0.21361865124685936	0.7518878620671681	0.019263557373313374	0.7076325607944695	0.0169685383549342	0.4564413514578697	0.029268602394984775
kp	se_to_kp	source_pretrained_few_shot	1	meropenem	5	1063.6	4.872778194418592	0.08866594488598199	4.059605273557258	0.08940029299908099	-1.374298904300502	0.056233888063047605	0.35889431282771034	0.023436952709772484	0.3470356119825699	0.018446559312589178	0.14215742790654903	0.011199821647184707
kp	se_to_kp	source_pretrained_few_shot	1	minocycline	5	247.4	2.1716928014484997	0.0892129908032661	1.8591425199146123	0.08316693239346545	-0.9146886060116494	0.20707134253385162	0.31906622426482845	0.05193930842447854	0.3398855058925479	0.0435323302088314	0.2495015454268425	0.015218451072253154
kp	se_to_kp	source_pretrained_few_shot	1	tetracycline	5	430.2	1.8375358378677944	0.06005212321251282	1.5266551470415193	0.06060708420901422	-0.18016858060757132	0.09329196782773479	0.38576652525869737	0.06832394609324306	0.39468559841329237	0.07033892790952138	0.3618568679292793	0.023352653832953846
kp	se_to_kp	source_pretrained_few_shot	1	tigecycline	5	400.2	3.8782378498794534	0.10110510055345198	3.5950148816481793	0.10316491613653049	-10.792440238230862	0.834595413985974	0.07097983796119191	0.04160205667870046	0.06306370737899068	0.04548087971191415	0.04297838736492102	0.005729881955412783
kp	se_to_kp	source_pretrained_few_shot	1	tobramycin	5	607.0	1.5937776870397038	0.054287067601064484	1.3052241245930107	0.01893911272274032	0.1213519519624732	0.05847747572461044	0.39773844349736137	0.040669230015589475	0.3815665964906549	0.02493945306791818	0.4303130148270181	0.0366833877541388
kp	se_to_kp	source_pretrained_few_shot	5	amikacin	5	763.2	1.678372965987169	0.048228579379172035	1.2676346336340303	0.04112513487323342	0.10572305415167722	0.05154040235847244	0.3745233114521406	0.03799649606376097	0.42560077195446516	0.04190903865152341	0.5142510885884688	0.018145420356201095
kp	se_to_kp	source_pretrained_few_shot	5	aztreonam	5	658.2	1.5512500049400224	0.01687861893858844	1.0743262301323682	0.016484893751711853	0.24959534201136596	0.050590503198494084	0.5253335126903051	0.034274862572986106	0.43881382364680893	0.030312889195891344	0.6374957716084698	0.00898063494906978
kp	se_to_kp	source_pretrained_few_shot	5	cefepime	5	691.6	2.2393579183682477	0.08949578934259031	1.6042106889210035	0.07721285621023423	-0.11749616774224847	0.10536963690866015	0.3827598703309161	0.048210771388582256	0.24346848133153767	0.0513463676267041	0.4800327078959035	0.02511198985928647
kp	se_to_kp	source_pretrained_few_shot	5	cefmetazole	5	158.8	2.753456297784702	0.11070493494981512	2.4922114900073167	0.12706796873422213	-0.0015115974476681087	0.05740390869188337	0.26768177016026323	0.0447232936694058	0.1981162438513738	0.03861503840816497	0.13015418093039297	0.025014474517224952
kp	se_to_kp	source_pretrained_few_shot	5	cefotaxime	5	419.8	2.34550066202999	0.12277549104233146	1.7309811728781619	0.08419444632216586	0.15054280670356493	0.10831192908190888	0.49484277326749837	0.06519083924578029	0.25622587673081154	0.08057129031477415	0.38492188839208946	0.024737168721175297
kp	se_to_kp	source_pretrained_few_shot	5	cefoxitin	5	561.8	1.6965491720775607	0.049887024902645224	1.4176572498010116	0.050153512683020984	-0.1426057411926955	0.10457243108510325	0.3521409397106825	0.02175240702878429	0.3725239224113842	0.02990133279366292	0.34969674051873356	0.025295355089826423
kp	se_to_kp	source_pretrained_few_shot	5	ceftazidime	5	766.8	1.870483828991884	0.048123436603096315	1.3717529196246327	0.038188326739736156	0.22713749590561244	0.04626070440388501	0.5249468643289136	0.027895579252937737	0.40155942634303077	0.018184985755235434	0.5232114995977455	0.007287118141338065
kp	se_to_kp	source_pretrained_few_shot	5	ceftriaxone	5	574.4	2.461265162965545	0.10442780872765901	1.7092206294444547	0.042323788647572747	-0.5666334037569365	0.29537769633714256	0.5096795608788472	0.043981840498411535	0.2267505000775749	0.054120271974774245	0.4500841286673737	0.020151952591599697
kp	se_to_kp	source_pretrained_few_shot	5	cefuroxime	5	622.0	1.66505396346647	0.03541123264634625	1.235971402106803	0.0245612089450055	0.006488758919065708	0.031287286083046054	0.3581894564904341	0.023723076710673918	0.3801165094082063	0.019618408474384626	0.5702170464063931	0.016107258969084954
kp	se_to_kp	source_pretrained_few_shot	5	ciprofloxacin	5	813.4	2.179421669631407	0.07750552181545366	1.7408871358478641	0.048808429692129326	-0.31004233719487984	0.11415395969765256	0.6476281120403978	0.010875903963946392	0.6014891933400597	0.023271499575697293	0.30989962395357484	0.017651532750243403
kp	se_to_kp	source_pretrained_few_shot	5	imipenem	5	684.6	2.1450438922399147	0.053303868252822274	1.8261293837963186	0.10852424928397167	0.17306462118162277	0.0298654479269062	0.46270738742092304	0.021716227035104084	0.5062989445137892	0.026182984027864665	0.23838320456453377	0.09114032946774442
kp	se_to_kp	source_pretrained_few_shot	5	levofloxacin	5	596.8	1.9541083826073318	0.13218881286845716	1.409879904227819	0.08230924148782501	-0.022604365079145265	0.14378096521629752	0.7661510902581472	0.020106238335078228	0.7285924050440646	0.021451394833857843	0.5261463988078532	0.015456070338690625
kp	se_to_kp	source_pretrained_few_shot	5	meropenem	5	1063.6	3.25728042102322	0.11163983713522375	2.605689795977662	0.10113887247133695	-0.06118626918270607	0.056556603387018574	0.5295558645453244	0.0149871573137565	0.5431057759199984	0.021064983970488293	0.30776146622435674	0.012324125400716753
kp	se_to_kp	source_pretrained_few_shot	5	minocycline	5	247.4	1.5894251667858124	0.06806884385902001	1.2786337072594152	0.0506690461709319	-0.02067405483954495	0.07534181668103208	0.34871717711292555	0.05007646532608857	0.3626693992397948	0.04085257817409699	0.4456804231422228	0.014123938461422198
kp	se_to_kp	source_pretrained_few_shot	5	tetracycline	5	430.2	1.6525567586286065	0.03612497629018549	1.3078996460519978	0.041836235380953525	0.04647052784038	0.050446294899043155	0.36497504321480534	0.058529717500747425	0.34108931438144635	0.054362691713053246	0.45373981546430686	0.022485851871907783
kp	se_to_kp	source_pretrained_few_shot	5	tigecycline	5	400.2	1.6254726306464717	0.04743734764279635	1.2998983956357884	0.032628452780252566	-1.0822308422505278	0.15007628827323222	0.057787057242112326	0.05759071741125019	0.04489898153160241	0.0675672062863944	0.4697718204488778	0.009303634084431002
kp	se_to_kp	source_pretrained_few_shot	5	tobramycin	5	607.0	1.4498974618959115	0.03726237476471141	1.1750189819317447	0.026889032915605574	0.2731726105469882	0.03645494820805744	0.5420158700341384	0.02889618832670571	0.5433423571506044	0.025834321323630668	0.49115870400878636	0.03302343763023086
kp	se_to_kp	source_pretrained_few_shot	10	amikacin	5	763.2	1.6383754854488977	0.03988307256362398	1.2236563834411518	0.03158394549783138	0.1478545846360614	0.04540317701515052	0.42119860383660496	0.0326939722175376	0.48823307842463926	0.04513063302024618	0.5393142845232151	0.02478375116858557
kp	se_to_kp	source_pretrained_few_shot	10	aztreonam	5	658.2	1.516436836363615	0.02311191048890975	1.0278713913621336	0.01900862642087086	0.2833042901193508	0.04201006595065528	0.5475962356318742	0.03369203869191333	0.4838921350562173	0.023663393051122222	0.6689883466249006	0.010749349567426314
kp	se_to_kp	source_pretrained_few_shot	10	cefepime	5	691.6	1.9670900910588536	0.058970836918122695	1.4691362799767675	0.05868154086405706	0.13812194989638388	0.06323862082730879	0.41300475610016607	0.05219048964397744	0.3050545453496694	0.050204988891442794	0.4909481664896035	0.04753281026737433
kp	se_to_kp	source_pretrained_few_shot	10	cefmetazole	5	158.8	2.6201610713222014	0.07843009658142813	2.333636149811671	0.11286223872247007	0.09362994254279391	0.030699828763388535	0.33711639834108675	0.041088197656069435	0.2664739444079287	0.04132225020459021	0.15660642730143562	0.03568367965165282
kp	se_to_kp	source_pretrained_few_shot	10	cefotaxime	5	419.8	2.240356670501164	0.12139113563843464	1.6344497354089533	0.09138345434862243	0.22517198459178717	0.09704025147756297	0.4946203764228495	0.07784170785982807	0.20766756592989194	0.09689600242166188	0.3973134318419722	0.0372785018744595
kp	se_to_kp	source_pretrained_few_shot	10	cefoxitin	5	561.8	1.54857710890708	0.042542405025112556	1.287408287344706	0.04295615995360846	0.04937044174262355	0.06596809779087524	0.4192551283605289	0.02101564939097918	0.4505292180266368	0.030750734720000297	0.40156210732640646	0.02271600204160041
kp	se_to_kp	source_pretrained_few_shot	10	ceftazidime	5	766.8	1.7452882821132174	0.04758625191029393	1.2347455522724502	0.0295497326368505	0.3274842259515204	0.0391084593825314	0.5822229313789119	0.031178335079027238	0.4574424719336771	0.02421292106615054	0.5805922728567328	0.009717987443527792
kp	se_to_kp	source_pretrained_few_shot	10	ceftriaxone	5	574.4	2.12945697790503	0.0844071432168693	1.4369643945183614	0.03963912130621197	-0.16845233628848497	0.2059863815393451	0.551268342692094	0.0422532683848224	0.229694031303263	0.05778528001650028	0.536661717921527	0.027872723957410857
kp	se_to_kp	source_pretrained_few_shot	10	cefuroxime	5	622.0	1.566238202972463	0.04940514040050124	1.1214636352456557	0.04405120919925235	0.12229453715626273	0.03210205692958807	0.3936208184086532	0.020848800536105272	0.40959885608438656	0.019849270099473158	0.6238086026595183	0.014507996182948558
kp	se_to_kp	source_pretrained_few_shot	10	ciprofloxacin	5	813.4	1.9364666364305658	0.05787310134144555	1.523945449513441	0.038759997379641406	-0.03340485010979517	0.08093260269153582	0.6483261929326867	0.007716804488064343	0.6109293569235467	0.02209108733213234	0.3916101646219981	0.01919586877590168
kp	se_to_kp	source_pretrained_few_shot	10	imipenem	5	684.6	2.0256747047439485	0.006587100391184398	1.6483166252020163	0.06557313347939289	0.26274798351198364	0.010319229734532772	0.5617763431938432	0.0113325989315587	0.5904665356301206	0.014595122443148508	0.3642125183193181	0.07305699709694932
kp	se_to_kp	source_pretrained_few_shot	10	levofloxacin	5	596.8	1.6083113247181475	0.11318434508939339	1.1712301354429169	0.06640262294574141	0.3069314902635828	0.10263049879974895	0.7699107635546978	0.018101639972301995	0.7397996572291562	0.021164319334219996	0.5679226303680643	0.01679117166772728
kp	se_to_kp	source_pretrained_few_shot	10	meropenem	5	1063.6	2.845407370577866	0.095756679730046	2.3082263067426587	0.06825325712759088	0.19011042773254244	0.042570931646008336	0.5904697582548555	0.013329450708994103	0.609386404693167	0.017799307032335916	0.3169105737061374	0.010160422390118275
kp	se_to_kp	source_pretrained_few_shot	10	minocycline	5	247.4	1.507009277636796	0.057950144164671834	1.19484584999071	0.03562075206920784	0.08287950339810213	0.054490557196652446	0.37288635037043555	0.046437053199519476	0.38563959768688816	0.0360788045015192	0.500663880545035	0.02094945905428842
kp	se_to_kp	source_pretrained_few_shot	10	tetracycline	5	430.2	1.6672393480989967	0.04188101190875313	1.3168387857197268	0.048012389252152565	0.029511990804402644	0.05266654967583087	0.3684391199327749	0.0557893678905472	0.3410206837652354	0.05208596581256433	0.4467637907156603	0.027864966158459646
kp	se_to_kp	source_pretrained_few_shot	10	tigecycline	5	400.2	1.3207107841091719	0.027805033759704046	1.04133711679722	0.016169621224769788	-0.36984065488314477	0.09151657739529571	0.05170185871900416	0.06324853268293078	0.04814720571120379	0.06562634647752763	0.5680536159600997	0.007174206794197345
kp	se_to_kp	source_pretrained_few_shot	10	tobramycin	5	607.0	1.430538237961583	0.0322928440288589	1.1583366074694965	0.0316806603823043	0.2927192084648552	0.028837128200507704	0.5498256564026135	0.026898719540680755	0.5518804825551049	0.030162850712230835	0.48907193849533226	0.024167539796892564
se		target_only_scratch	1	ampicillin	5	1595.0	2.3060016412831383	0.148988418791362	1.7927252260993392	0.1007069342233444	0.3682606258910049	0.07297159486770795	0.645451839812955	0.05647864199713633	0.541752471910353	0.06779810202463944	0.37855799373040755	0.06921294395162708
se		target_only_scratch	1	cefoxitin	5	1520.6	1.2868293229714143	0.10074844202687325	0.9527186278557087	0.08862609371059388	0.3245490892572587	0.11371970355484334	0.6081392262044722	0.057877490531639694	0.4083777689199639	0.03634763182931892	0.6584685744604772	0.0390053899408897
se		target_only_scratch	1	ceftazidime	5	117.6	2.4860768863368885	0.2860139556122231	1.9462088292867654	0.1877536195613569	0.1686003804742212	0.15642005787869562	0.4883366667470101	0.08960332262333469	0.4706159569686932	0.0820518680437962	0.31471340962866384	0.06238772483047704
se		target_only_scratch	1	ceftriaxone	5	1588.8	2.1136895214850426	0.16858091536432845	1.259625495982538	0.1399468935948566	0.3673835596197342	0.08676407694392392	0.6330367125194969	0.052650288573509445	0.4299902413942053	0.03411466424632378	0.6786626043131331	0.03070083829721161
se		target_only_scratch	1	chloramphenicol	5	1552.0	1.5241261805325281	0.0614375640612514	1.0925283017129832	0.033302039240919935	-0.45748284618431867	0.1225647741217103	0.26476664777828085	0.051120262727975894	0.17103275565842257	0.03910988022108628	0.6302835051546392	0.05635187948465835
se		target_only_scratch	1	ciprofloxacin	5	1817.4	2.494537416154069	0.12395174631989044	1.8189510748677555	0.19218956521673722	-0.1872193410521198	0.07213677892245865	0.13335879627283376	0.024515123968286878	0.06228161193864886	0.010640666210646167	0.41895759379643704	0.14200773858113133
se		target_only_scratch	1	meropenem	5	104.0	1.5155653423768987	0.16212817126455398	1.20093391916318	0.14996131348620248	-10.406463061701595	9.556097694379405	-0.1285072567829814	0.09921741272305647	-0.06349257527018465	0.08611375423990686	0.46946080348992963	0.09822253206863238
se		target_only_scratch	1	tetracycline	5	1541.2	2.0344730483898426	0.09162286978100909	1.6151407034659084	0.07240897360446961	-0.045696975747900305	0.09862410390931502	0.45766142290393486	0.08967904581559814	0.5540512655587162	0.10281519161356706	0.4365576402391397	0.06043993211326486
se		target_only_scratch	5	ampicillin	5	1595.0	1.5202830344408609	0.1130210062825943	0.7743243995455241	0.06747811504961426	0.7251344250225619	0.038903233659970254	0.8577317408806037	0.020519333075554876	0.7036685033646878	0.03469755626561344	0.8713061650992685	0.0125916700246673
se		target_only_scratch	5	cefoxitin	5	1520.6	0.9463783087337798	0.03430810993356445	0.6737239036007125	0.015974355141314168	0.6362280379045439	0.033378530725514784	0.811942388042857	0.012752987627054969	0.48186147306053	0.028618537168415788	0.8349784306262039	0.014613080171710964
se		target_only_scratch	5	ceftazidime	5	117.6	1.857384366715681	0.22516294272879764	1.2786508235908256	0.11493924211885757	0.5331157885666934	0.11075284831417821	0.749420489869648	0.061325568297106586	0.6887271380764067	0.06818656915787868	0.5640542759186827	0.03751695124139685
se		target_only_scratch	5	ceftriaxone	5	1588.8	1.4097749369763575	0.057325607000539056	0.6177792179261672	0.03487204136881622	0.7177920214357827	0.030738228809936936	0.8488364930584732	0.017283073408442366	0.5847996630038119	0.01635741810673878	0.8547344807051417	0.012935615620290367
se		target_only_scratch	5	chloramphenicol	5	1552.0	0.9559708184303288	0.022875606178259268	0.6203210392717233	0.030370998411475936	0.4270653149185086	0.023873575687473874	0.6628039304431527	0.0200232128957265	0.34899079817927003	0.030928362861994966	0.8695017182130584	0.02421819629684578
se		target_only_scratch	5	ciprofloxacin	5	1817.4	1.8878732482372367	0.08899447362020824	1.0747497156102146	0.03500851603037873	0.3204479541991324	0.046650597297270384	0.5965907502847192	0.041798592823651455	0.4003181686501602	0.037925100937902786	0.7155306633213313	0.035010844549367086
se		target_only_scratch	5	meropenem	5	104.0	0.6777073041334293	0.1951804683600691	0.40048207328040225	0.03484438538126033	-0.7281686496328065	0.30491386085442507	0.05702051717441277	0.09961340789828964	0.05910379679106479	0.023645620305654917	0.9371591569164386	0.017101686704351776
se		target_only_scratch	5	tetracycline	5	1541.2	0.9837800505105727	0.08326364135396129	0.47447208386634976	0.05917710614360632	0.7558376114117322	0.041880248237638085	0.881661590614214	0.022794613388681512	0.7972133915518463	0.026624383503367433	0.886106049582341	0.009109677408031352
se		target_only_scratch	10	ampicillin	5	1595.0	1.4019136705990956	0.04545255804368502	0.6978420262002896	0.04943760250983733	0.7672232270750071	0.012673571245774682	0.8812251897543721	0.008574617893685896	0.7355539926021024	0.01808189906489473	0.895924764890282	0.005953362396340285
se		target_only_scratch	10	cefoxitin	5	1520.6	0.8697855679968349	0.034321649759811314	0.6352343294408448	0.016358954661775393	0.6926235058590925	0.03153249540418839	0.8387102843163037	0.01605511658720622	0.5064334881040196	0.04026255239273504	0.8505862371246987	0.011302501322585598
se		target_only_scratch	10	ceftazidime	5	117.6	1.7598031160634602	0.21310047577689462	1.191669558351081	0.06557194502961129	0.58074289882434	0.09961949034734739	0.779248215299559	0.04829751780096995	0.7132261252588087	0.04692836349940983	0.5936018156357139	0.02070854121418381
se		target_only_scratch	10	ceftriaxone	5	1588.8	1.250090385365115	0.060338807720522844	0.5169762772145902	0.020214892111798905	0.7785856469357131	0.024182403689837977	0.8836725027960155	0.013102229490052294	0.6266721013027085	0.02395059091392657	0.871938584908103	0.010688783981661593
se		target_only_scratch	10	chloramphenicol	5	1552.0	0.8802501628877909	0.02446567470323134	0.5805358000074057	0.0296588667674126	0.5150672709084426	0.01827417370171613	0.7307404295931212	0.015241837514080678	0.38169381899136134	0.020084732349524747	0.9095790378006873	0.010768858364881097
se		target_only_scratch	10	ciprofloxacin	5	1817.4	1.6847385554754548	0.11555755521496983	1.0003938562802759	0.025197868864255787	0.45764247623905874	0.06590226931944324	0.6897316499327885	0.04526575203307465	0.44060520598458686	0.03618157909533583	0.7023628651619519	0.04200556214805712
se		target_only_scratch	10	meropenem	5	104.0	0.5764334432131766	0.18276291104943454	0.33610717674177676	0.04168298329791816	-0.21644352591594734	0.17466572840794842	0.20425309200165986	0.13899156567982038	0.08757485259330619	0.054319307268533616	0.9678673376246192	0.015766599617415337
se		target_only_scratch	10	tetracycline	5	1541.2	0.8300802380895155	0.06871516682691399	0.37261971237611946	0.04182932519131062	0.8271459205603495	0.026856359889166907	0.9148162103241617	0.01284586405809661	0.8290587122783784	0.014117083912199417	0.9272033129995896	0.009616819830112954
se	ec_to_se	source_pretrained_few_shot	1	ampicillin	5	1595.0	1.8464729130983568	0.1255660328777671	1.2677513599445578	0.040709597756038156	0.5943206883769425	0.05899551309037498	0.8003066246497454	0.027496635373925476	0.6888537480999173	0.025658811165771112	0.4871891327063741	0.01896164512806713
se	ec_to_se	source_pretrained_few_shot	1	cefoxitin	5	1520.6	0.9397088393568325	0.04545318784605053	0.7457874958671499	0.029922835894658113	0.6413154412064408	0.03904671106400753	0.830048850283843	0.01616423144374497	0.38604140608071674	0.030884594825300468	0.8247596225936306	0.01896355697013618
se	ec_to_se	source_pretrained_few_shot	1	ceftazidime	5	117.6	2.219421506815734	0.22392597408318626	1.6252275782456018	0.16136076939455685	0.33364845976301066	0.14056164119556616	0.6739125243234066	0.06508258673469312	0.5908420753499333	0.06260285978316746	0.44946641556811046	0.028485076474702078
se	ec_to_se	source_pretrained_few_shot	1	ceftriaxone	5	1588.8	1.5308567429000912	0.08328448512483247	0.9485581459894554	0.0627908814382562	0.6661836309877496	0.049973078022807836	0.839626331506792	0.01980389785630525	0.529977853014747	0.03230520273273532	0.784452197861135	0.017241565537941123
se	ec_to_se	source_pretrained_few_shot	1	chloramphenicol	5	1552.0	1.0400952730679889	0.029830895976453383	0.6665791685024078	0.023912050737453245	0.3232779585186872	0.015870134948095554	0.5940395317945497	0.009770720745405602	0.20813732405031055	0.013059747899546401	0.8113831615120274	0.0555979918683308
se	ec_to_se	source_pretrained_few_shot	1	ciprofloxacin	5	1817.4	1.931789813635469	0.08360522553398557	1.4943525032425593	0.07093186463359279	0.28883654662776187	0.04410019232305616	0.5867314378756483	0.027173490060884438	0.23017707940349635	0.03699307992837762	0.4032131648314345	0.016209457293763004
se	ec_to_se	source_pretrained_few_shot	1	meropenem	5	104.0	1.5475732484165066	0.09477563394245417	1.2507541257701003	0.08256348144603082	-10.188029158106621	7.574347487906873	-0.11720670420828365	0.09819628809208908	-0.06373609709536406	0.10140624114811714	0.515372701731925	0.04003897996224327
se	ec_to_se	source_pretrained_few_shot	1	tetracycline	5	1541.2	1.048789820900658	0.046453430269748706	0.697166790005228	0.036309150550107396	0.724781973085326	0.022582252217663936	0.9119592707316959	0.011607728595155211	0.7998447834197975	0.015503215583426629	0.8832065974668559	0.01730525461130813
se	ec_to_se	source_pretrained_few_shot	5	ampicillin	5	1595.0	1.3623952391691003	0.06879272396297209	0.8121926373249562	0.06447093688860484	0.7799118668556295	0.020533521917704745	0.8861567157734699	0.012284568953499272	0.7349590598342011	0.013292743582054005	0.8450156739811913	0.04648141666084917
se	ec_to_se	source_pretrained_few_shot	5	cefoxitin	5	1520.6	0.870266658499786	0.02850760475196412	0.6859211429358882	0.01663916071299519	0.6924707321791174	0.029049678932727304	0.8440724981785476	0.015600532283334571	0.3865913273560271	0.028611777866251853	0.8490054730844203	0.011588971153875796
se	ec_to_se	source_pretrained_few_shot	5	ceftazidime	5	117.6	1.9235785230205535	0.22575053665503453	1.31978584935983	0.10967869754123605	0.4979312454588741	0.11613305615359222	0.7369363255731691	0.06739505109299497	0.6593482078956387	0.07726897491864104	0.5510454391810324	0.018160750383139572
se	ec_to_se	source_pretrained_few_shot	5	ceftriaxone	5	1588.8	1.2846614850914215	0.03934742393895337	0.6603001554186163	0.028549973456130143	0.7662610615886125	0.02117113761681708	0.8783638936037755	0.011951017289753925	0.49995923886431903	0.03806179078648832	0.8487751380581973	0.008449683780803385
se	ec_to_se	source_pretrained_few_shot	5	chloramphenicol	5	1552.0	0.934502492433403	0.02296537570487449	0.6100676398097035	0.01945502151486439	0.45335607011739	0.016591015387598395	0.6848050908698644	0.014721379510047263	0.2709114701194266	0.045037468489254155	0.8859106529209623	0.01087266263937734
se	ec_to_se	source_pretrained_few_shot	5	ciprofloxacin	5	1817.4	1.7606230200849893	0.05652827850791508	1.2638041033358156	0.03728800002068213	0.4087249041833424	0.03783544331743265	0.6494873958789869	0.02881804517479055	0.3279413641719503	0.0661521525075498	0.49891997088169654	0.020421872149055498
se	ec_to_se	source_pretrained_few_shot	5	meropenem	5	104.0	1.0522910355049035	0.12575530723853065	0.7829917463923572	0.06662450418571784	-3.954620782114966	3.1471586784102947	0.007464523977893267	0.10862158450897592	-0.04567880161369007	0.10024553158056401	0.7466866412982918	0.032085266254355996
se	ec_to_se	source_pretrained_few_shot	5	tetracycline	5	1541.2	0.860461488377721	0.07487321168680626	0.4291475406116021	0.032047529694759935	0.8141177479265199	0.03114007056349257	0.9191842050786349	0.015031736172864225	0.8108397105416625	0.02098112925533734	0.9309660081718499	0.01214385028318675
se	ec_to_se	source_pretrained_few_shot	10	ampicillin	5	1595.0	1.3110068609129342	0.06758992594570817	0.7447697470703842	0.03776017346226055	0.7962275383068661	0.019195017448410782	0.8944644086723915	0.011325303716897907	0.7440578481358638	0.011059745063011175	0.8895297805642635	0.002957730041996577
se	ec_to_se	source_pretrained_few_shot	10	cefoxitin	5	1520.6	0.8490296826448922	0.027705880703481307	0.6683930203573437	0.01655464076652851	0.7075162435941806	0.024473052661821416	0.8494018779819994	0.014195252702699085	0.3958407826924154	0.025997681361218317	0.8532150478101894	0.010417252974879842
se	ec_to_se	source_pretrained_few_shot	10	ceftazidime	5	117.6	1.8523645490191636	0.25440096549704705	1.2578697863697654	0.11153655914809836	0.5320981024399603	0.1228934012175632	0.7554785058326653	0.07046242846195896	0.6805730299296096	0.08717302490441914	0.5929547539717032	0.016979443163581114
se	ec_to_se	source_pretrained_few_shot	10	ceftriaxone	5	1588.8	1.2438949303025084	0.030156053094740412	0.6103239271789547	0.018918539344427502	0.7811753605490163	0.014547603820405288	0.8858879764878139	0.008319141602474817	0.4929978624226889	0.015673697079894335	0.8553209275143606	0.007400176814547684
se	ec_to_se	source_pretrained_few_shot	10	chloramphenicol	5	1552.0	0.8845326109795814	0.029065778071718448	0.5888586196702781	0.019908273147020834	0.5107265367058392	0.010745490568945235	0.7230174368578196	0.00443464689488118	0.32091929798495283	0.018197475820987484	0.8976374570446735	0.010609835203783814
se	ec_to_se	source_pretrained_few_shot	10	ciprofloxacin	5	1817.4	1.6588212313857038	0.05543436996986287	1.1534234742392582	0.01937422603688248	0.4753768533113033	0.030096869773086343	0.6948450240444144	0.021028973197830477	0.4068113906954304	0.029251975476258997	0.5442954825660515	0.017771653389027683
se	ec_to_se	source_pretrained_few_shot	10	meropenem	5	104.0	0.9747218683573642	0.097959290513005	0.7033172286114493	0.04168255948290873	-3.25697279988405	2.631401115366919	0.05628202443968128	0.08969284477096626	-0.027466194789976313	0.07357362643697764	0.8012867930343658	0.013045535304903873
se	ec_to_se	source_pretrained_few_shot	10	tetracycline	5	1541.2	0.8101248077927001	0.06394676384387388	0.35457179861403904	0.02116144388652134	0.8354203493731447	0.024688336821487026	0.9245625442568028	0.012603213226814387	0.8212188178620338	0.019146812976094572	0.9403510753934577	0.006959662922179875
se	kp_plus_ec_to_se	source_pretrained_few_shot	1	ampicillin	5	1595.0	1.8442974320049472	0.14823305202829862	1.25937887293418	0.038805666973176965	0.5938892262142617	0.0688546281739453	0.8001162108149453	0.03248951778077952	0.6934522690473495	0.032032550765458544	0.5072518286311389	0.04995461712260762
se	kp_plus_ec_to_se	source_pretrained_few_shot	1	cefoxitin	5	1520.6	0.9443121605393643	0.03980896355088528	0.7517169001401011	0.02726884692621588	0.6381302139202618	0.03292561044097119	0.826532855849963	0.014407942276142128	0.3880804537281223	0.023387312346326433	0.8059961705710693	0.01990706920531844
se	kp_plus_ec_to_se	source_pretrained_few_shot	1	ceftazidime	5	117.6	2.1689045415243897	0.2641399186829802	1.5665773663903497	0.1807755907993905	0.3590969792452771	0.16022784085658492	0.6922638463435407	0.07575776132553104	0.6182439366222722	0.06793834019317051	0.4686609686609686	0.05634218757497684
se	kp_plus_ec_to_se	source_pretrained_few_shot	1	ceftriaxone	5	1588.8	1.4523055684026223	0.07829661312491935	0.8488079290613179	0.045817848491252776	0.6996253334806747	0.04782633987789797	0.8499651222315006	0.0219654307625076	0.5334173163383857	0.03334487726011358	0.7809702409353981	0.02323652295501092
se	kp_plus_ec_to_se	source_pretrained_few_shot	1	chloramphenicol	5	1552.0	0.983696358582135	0.02208953610322478	0.6534525804912921	0.013923148948825395	0.39384323256401127	0.021357071073653294	0.6370099504539308	0.016041236102881697	0.2897839506872121	0.026227053388628057	0.8662800687285224	0.018345872443426885
se	kp_plus_ec_to_se	source_pretrained_few_shot	1	ciprofloxacin	5	1817.4	1.920405196830162	0.09643275057641547	1.41869193648074	0.08037001760006116	0.296377058661781	0.05713150039460385	0.5913806701836191	0.031157756546049117	0.2553221513505984	0.03842793571533919	0.44359838295332005	0.02113429318654372
se	kp_plus_ec_to_se	source_pretrained_few_shot	1	meropenem	5	104.0	1.6457909496374774	0.06401121301875025	1.255102857176913	0.06957392097579396	-11.689567227588075	7.669441473361682	-0.03784358531586736	0.19584539862251943	-0.05169673674434492	0.0580415756074194	0.5326679469397917	0.04517684678613228
se	kp_plus_ec_to_se	source_pretrained_few_shot	1	tetracycline	5	1541.2	1.038708251621592	0.041979507290162525	0.700694043449332	0.02362653094691058	0.7303598413252865	0.020375549028583188	0.9184894041890035	0.011825848117729281	0.8098425149404308	0.014854263904725324	0.897742674253682	0.006891312017711931
se	kp_plus_ec_to_se	source_pretrained_few_shot	5	ampicillin	5	1595.0	1.3707626266280066	0.06292867059362021	0.8023342195748036	0.04582770330771783	0.7770706853888089	0.020391543880601826	0.8846767748248702	0.012086343628130321	0.7405812795212815	0.016920890419404176	0.8578474399164054	0.013561914175580801
se	kp_plus_ec_to_se	source_pretrained_few_shot	5	cefoxitin	5	1520.6	0.857284224767381	0.027958429347299626	0.6771505758688094	0.013345509028117179	0.7017037145085628	0.025840059896754697	0.8480563124344777	0.01473198464670064	0.38591419022700124	0.02449573309364759	0.8465062516580735	0.013171386131149111
se	kp_plus_ec_to_se	source_pretrained_few_shot	5	ceftazidime	5	117.6	1.8536352364383653	0.21981136988590413	1.2656819811683107	0.10767247733667809	0.5334672428921405	0.11165497302475175	0.756273517481726	0.06491266294670979	0.6865636677333378	0.07138782775234237	0.5657685064464726	0.027037141256899804
se	kp_plus_ec_to_se	source_pretrained_few_shot	5	ceftriaxone	5	1588.8	1.2382731783058705	0.05257621977889617	0.6076691484150376	0.02819679445648424	0.7822361023978491	0.028523141654666167	0.8853548956405725	0.01646119004798174	0.5202000871308263	0.041946680970352736	0.8470133141417776	0.004949788747835829
se	kp_plus_ec_to_se	source_pretrained_few_shot	5	chloramphenicol	5	1552.0	0.9063208078128785	0.007315468702986101	0.6071721999301124	0.012726448144255638	0.4850550329316811	0.02493757370334598	0.7009926680992639	0.01812040634569081	0.34004330968688956	0.021905317455066773	0.8972938144329896	0.003190716329218906
se	kp_plus_ec_to_se	source_pretrained_few_shot	5	ciprofloxacin	5	1817.4	1.711160800095822	0.05980749420345671	1.1403424218156208	0.02550272988679016	0.44157080528879655	0.03487122692339683	0.670052501922601	0.024999232236453058	0.36507572099636587	0.039355266948721865	0.6073173360263929	0.03744176882694467
se	kp_plus_ec_to_se	source_pretrained_few_shot	5	meropenem	5	104.0	1.0336417438708438	0.1329570817281634	0.7530245250232012	0.0655668284027441	-3.5158430778107195	1.9868993237164212	0.11312619272792515	0.185260210412645	-0.04799636177823515	0.07686279592435918	0.751291001339545	0.03891536849165116
se	kp_plus_ec_to_se	source_pretrained_few_shot	5	tetracycline	5	1541.2	0.8296010172546335	0.06763204637953882	0.40345485190827135	0.026580989907377936	0.8273258389822002	0.02708059008950249	0.9240808200651129	0.013619941718188604	0.8213960182960234	0.018786174975925742	0.9377993774547884	0.011230863130467249
se	kp_plus_ec_to_se	source_pretrained_few_shot	10	ampicillin	5	1595.0	1.3082775497639445	0.05882717759488794	0.7302847666750383	0.03470314384218381	0.7971248062308453	0.016280275805677348	0.8952402010329678	0.00942543408195706	0.7476850460841222	0.008818803977260039	0.8859770114942528	0.0023205963038647735
se	kp_plus_ec_to_se	source_pretrained_few_shot	10	cefoxitin	5	1520.6	0.8324545538662761	0.030376220483464732	0.6533776001558563	0.015804759081634583	0.7188028486705702	0.02482580421455217	0.853468373138748	0.01388499427390226	0.39686891473059005	0.022465829033027757	0.8523826083947542	0.014679629764787008
se	kp_plus_ec_to_se	source_pretrained_few_shot	10	ceftazidime	5	117.6	1.7888673029862239	0.26433334903536077	1.2189004154183218	0.11384124267891463	0.5619742539895548	0.1248819476947199	0.7720304547994489	0.07151102067300555	0.7053014870755947	0.07716877595203833	0.6156260563040223	0.028584060846390858
se	kp_plus_ec_to_se	source_pretrained_few_shot	10	ceftriaxone	5	1588.8	1.1817178390108523	0.04696426026624782	0.5465007155709648	0.020875947408224668	0.802110497585242	0.021008722968678714	0.8959746353078991	0.01179783421057807	0.5372434492801742	0.029835843107796862	0.8567894355558445	0.00738487867329329
se	kp_plus_ec_to_se	source_pretrained_few_shot	10	chloramphenicol	5	1552.0	0.8640057815533566	0.01686039846369219	0.5881271355545398	0.01850167946487275	0.5325575519395381	0.016500904371628766	0.7341684976951267	0.01141042176850568	0.3551106059060076	0.022704676617925752	0.906615120274914	0.008942809982967844
se	kp_plus_ec_to_se	source_pretrained_few_shot	10	ciprofloxacin	5	1817.4	1.6150961616992057	0.06946777297024902	1.0555876071732142	0.02002408421085273	0.5025843143903697	0.03438853917763769	0.7111392012157147	0.022482299212404657	0.41837631514203	0.02887011531147007	0.656215217926122	0.020287602557705196
se	kp_plus_ec_to_se	source_pretrained_few_shot	10	meropenem	5	104.0	0.9047467081888652	0.09767777469438517	0.6493875254421424	0.05001984736667965	-2.527920385301585	1.5621633301184241	0.17693773969689913	0.22645766970554956	-0.015605127401760658	0.07796706313933141	0.8185707765804853	0.033611823567476426
se	kp_plus_ec_to_se	source_pretrained_few_shot	10	tetracycline	5	1541.2	0.778301740348393	0.061987331638210214	0.31382459351378583	0.02231515405844558	0.8481092207720886	0.02304355451575703	0.9279617421191254	0.011796945599262377	0.8297278038146153	0.013912375675080907	0.9454981819315706	0.005473852096776544
se	kp_to_se	source_pretrained_few_shot	1	ampicillin	5	1595.0	2.161244776399906	0.04553575482228458	1.6041737070178286	0.07964272878858564	0.44687740223437444	0.01919089428682706	0.6843449781876696	0.0046683133339286646	0.5645854483132042	0.012043149646881936	0.45057471264367815	0.09530009713280116
se	kp_to_se	source_pretrained_few_shot	1	cefoxitin	5	1520.6	1.1874056006446945	0.06669257490219867	0.9371949748627056	0.04793430199007901	0.42546998575939343	0.05998935549403522	0.7032052079431368	0.04340861547760256	0.4004904340490639	0.0256246424077215	0.643480339573457	0.07369473184694526
se	kp_to_se	source_pretrained_few_shot	1	ceftazidime	5	117.6	2.4067051308123175	0.1753474591855016	1.7819198910206495	0.08512956556604044	0.2179798627206392	0.1270704196466962	0.5564618319183132	0.08410271687262044	0.4686818812310533	0.07882246039732013	0.4053117002269544	0.01571104687666542
se	kp_to_se	source_pretrained_few_shot	1	ceftriaxone	5	1588.8	1.8894823114494783	0.10165357705493394	1.11270584722737	0.06874485738989602	0.4915020498628687	0.0820804846711638	0.7679137670105123	0.018275677139113253	0.4657101426203606	0.03317484865057409	0.739512147694662	0.021231159824602896
se	kp_to_se	source_pretrained_few_shot	1	chloramphenicol	5	1552.0	1.3839811524335646	0.06606521493590338	0.9785067553270312	0.04589648470997786	-0.21360524336756387	0.16406972208101442	0.3294349125138811	0.04662787160872922	0.17102660260469632	0.017714505897617933	0.7119415807560137	0.03809588974418796
se	kp_to_se	source_pretrained_few_shot	1	ciprofloxacin	5	1817.4	2.7803766462016575	0.0763107322247176	2.5535575612076804	0.07540108997417116	-0.4749261519616651	0.08878533261579602	0.49672241724333405	0.031790270624481025	0.23094730668788932	0.02402520434612917	0.06547836218220975	0.005221915138208449
se	kp_to_se	source_pretrained_few_shot	1	meropenem	5	104.0	1.5819537723448573	0.2014617768074302	1.155148885254377	0.11570415410844016	-10.37308191747064	6.34263235034864	-0.02053028872248814	0.2548584257221651	-0.032915577422804196	0.04884208069618434	0.5947208886043838	0.0492420314246944
se	kp_to_se	source_pretrained_few_shot	1	tetracycline	5	1541.2	0.991287034753527	0.04347202030486078	0.5618783597468753	0.03922396218599121	0.7537675022815742	0.02054099092378998	0.8757586806003012	0.011871705960465204	0.7968217266722638	0.011367237391108367	0.8713572006865815	0.00759897695745968
se	kp_to_se	source_pretrained_few_shot	5	ampicillin	5	1595.0	1.9460452872171168	0.059581286175665035	1.4284573638227418	0.1229957631884873	0.5514102024858532	0.02279577250158938	0.7609041159697644	0.01127657837921891	0.6616128500403573	0.016467133526123567	0.5288610240334378	0.09188198945458835
se	kp_to_se	source_pretrained_few_shot	5	cefoxitin	5	1520.6	0.8904219571573145	0.023585148655805216	0.6900666711148985	0.02035034328365284	0.6785419766092387	0.020672803845353215	0.827598313257605	0.013875980042001131	0.42336758960628673	0.029815980401749813	0.8052927725296147	0.015957866819634438
se	kp_to_se	source_pretrained_few_shot	5	ceftazidime	5	117.6	1.9601939177110985	0.16440130248849885	1.4783072142070504	0.0641660086091061	0.47863297805582017	0.10666566521562665	0.7077341942806765	0.07022003331970449	0.6098536905673708	0.06826022283224659	0.4746197305519339	0.06319556463405818
se	kp_to_se	source_pretrained_few_shot	5	ceftriaxone	5	1588.8	1.382462078277594	0.06316986612728133	0.7506380658021303	0.03226582861305059	0.728406605680713	0.038534306094365395	0.8583860486240843	0.020273011942062994	0.4617324218436341	0.02829797465329088	0.8064372821333062	0.007043076464843154
se	kp_to_se	source_pretrained_few_shot	5	chloramphenicol	5	1552.0	1.185686312961129	0.04445008574489551	0.8392821451642668	0.05142099753034286	0.12001890004185296	0.03457757294730353	0.39746068601050444	0.022622253650542937	0.17096045158127982	0.02006001408808184	0.7737972508591067	0.04024452189936032
se	kp_to_se	source_pretrained_few_shot	5	ciprofloxacin	5	1817.4	1.9029753696732008	0.03643342034476179	1.3472933279139911	0.02778306875184462	0.30924421322889806	0.026046984771414892	0.5616657699022884	0.022660259506931877	0.2525294730289275	0.0362070784704694	0.5176286826994936	0.012151508795771012
se	kp_to_se	source_pretrained_few_shot	5	meropenem	5	104.0	0.8486453462631456	0.12962970737434773	0.6186406363075403	0.07538800943136427	-2.0097882233707938	1.1580912567066062	0.06524572003321215	0.3045264021169166	-0.0283960443817312	0.05308256697754362	0.8600047417523144	0.055429911761747594
se	kp_to_se	source_pretrained_few_shot	5	tetracycline	5	1541.2	0.8657008261356646	0.058544813195149994	0.41971495868299336	0.03161065493651924	0.8118641191696465	0.025020030328761485	0.9060378551075822	0.01364397413744419	0.822254883189926	0.012601962848402001	0.9092500479889789	0.008937883268786433
se	kp_to_se	source_pretrained_few_shot	10	ampicillin	5	1595.0	1.6063516686705686	0.06322702538362646	1.022208795871356	0.0876195577910713	0.6940578126319286	0.021313844656556277	0.8389421567821216	0.010931723719723983	0.6901123169312499	0.014361828437145471	0.7164890282131662	0.04656379617057235
se	kp_to_se	source_pretrained_few_shot	10	cefoxitin	5	1520.6	0.8538646709187706	0.028110968385695607	0.6457035617876453	0.02031876945883467	0.704206338378249	0.02437082203864878	0.8406895217948092	0.013884865726995262	0.4158067622088392	0.026579191825008473	0.8279617806844527	0.015700775530793003
se	kp_to_se	source_pretrained_few_shot	10	ceftazidime	5	117.6	1.8828480337858942	0.2221620225650131	1.384288738314306	0.10520384261298796	0.5157771976847156	0.12250449870359677	0.7332517317500744	0.07599816991558928	0.6383635334843445	0.08538692227423356	0.5646820223091409	0.03336810028765523
se	kp_to_se	source_pretrained_few_shot	10	ceftriaxone	5	1588.8	1.304856920686061	0.07468503314014799	0.6942617695416695	0.023613945355541455	0.758050003835747	0.03653965256006068	0.8736244208763593	0.019818680616909033	0.4500327156836832	0.026054129179413296	0.832117269282573	0.00583962218492333
se	kp_to_se	source_pretrained_few_shot	10	chloramphenicol	5	1552.0	1.0581083967516602	0.0313206499577614	0.731458255366976	0.029870188651596765	0.2994655132301638	0.021840593465573942	0.5587938383476139	0.015169523285122685	0.25513788460804243	0.029301029492856127	0.8222938144329897	0.024649116032559294
se	kp_to_se	source_pretrained_few_shot	10	ciprofloxacin	5	1817.4	1.7779610930062077	0.06855171828009929	1.1616039231110256	0.02218934800570765	0.3971718468404459	0.03445931640263159	0.6382058015705675	0.02777004160147393	0.319823128357906	0.02366285873195072	0.6452499405141394	0.037752890262267344
se	kp_to_se	source_pretrained_few_shot	10	meropenem	5	104.0	0.7834047872188571	0.1312230051975669	0.537359753015777	0.05491713156671915	-1.5832889649558346	1.0749052323731652	0.13108563075794621	0.2994980012192951	-0.008038794362483049	0.046873940082224536	0.8857269106298233	0.03387595746070287
se	kp_to_se	source_pretrained_few_shot	10	tetracycline	5	1541.2	0.8237485425421696	0.06676889861780351	0.3706659732525631	0.03422931952074864	0.8296021772329516	0.026380378847137214	0.9162158423633942	0.013121843477369971	0.8307609681139055	0.017013954066267312	0.921708735101095	0.010744079299306562
