outer_target_code	source_regime_id	model_kind	support_budget_percent	normalized_antibiotic	fold_count	observations_mean_across_folds	rmse_mean_across_folds	rmse_sd_across_folds	mae_mean_across_folds	mae_sd_across_folds	r2_mean_across_folds	r2_sd_across_folds	pearson_mean_across_folds	pearson_sd_across_folds	spearman_mean_across_folds	spearman_sd_across_folds	one_tier_accuracy_mean_across_folds	one_tier_accuracy_sd_across_folds
ec		target_only_scratch	1	amikacin	5	848.4	1.7833850584087165	0.14970089934437952	1.4719634043909537	0.1416602739828248	-2.9894233720343952	0.7585702154165008	0.16564587951780924	0.0439674605826174	0.12726456322597973	0.02892732360219444	0.38017932676993277	0.05437081974240946
ec		target_only_scratch	1	ampicillin	5	343.0	2.94395190263658	0.40532557890278625	2.1105749529177293	0.2525974228950296	-0.34155547791356	0.20938771196461145	0.36537717534179737	0.04163228106067342	0.3575515366284846	0.041567400895298194	0.3941690962099125	0.032657977787106544
ec		target_only_scratch	1	aztreonam	5	556.4	1.8340966396277576	0.13244850238755584	1.4238748575177893	0.11276682497564693	0.16193239615200905	0.10890036120915718	0.5430375379251047	0.07051409485831173	0.5380300242778733	0.06584040389956781	0.44475973978447403	0.04500950269242063
ec		target_only_scratch	1	cefepime	5	666.6	2.338656427683431	0.14788104197265114	1.871422267989128	0.12628790975755547	0.07802031062435774	0.11143290447518227	0.4613459476997259	0.06163145320693577	0.45854901849968865	0.048835599982472076	0.3434216825521173	0.04345831332836458
ec		target_only_scratch	1	cefmetazole	5	488.2	2.7468711315239895	0.13516795668836104	2.3366605349970833	0.17097910516068765	-0.7621613981193053	0.2545370536818892	-0.10242913892727452	0.08292216646848245	-0.1472928507837582	0.07802927437320427	0.21113066702426048	0.04980103321298881
ec		target_only_scratch	1	cefotaxime	5	1098.0	4.038326439170783	0.1009360992687683	3.328303500506224	0.10820103526447915	0.26281388928683413	0.05044371913173394	0.5511602809412475	0.07120202590550591	0.5656544255032045	0.06148001742269321	0.1484517304189435	0.023407354615909187
ec		target_only_scratch	1	cefoxitin	5	349.4	1.8200970943841432	0.07369756193267833	1.4603714837075799	0.06970004768284138	-0.9001371553673223	0.1843626374111268	0.3361222819931295	0.051515149517188906	0.29430086754178697	0.06408138546252448	0.4180766816755355	0.04466186409577309
ec		target_only_scratch	1	ceftazidime	5	1197.2	2.791133109070411	0.3830375017153505	2.1363947108143035	0.32047811669829745	0.10499865063032954	0.17415460991544046	0.5325917336807906	0.02788415935118078	0.5610902500695067	0.026187185897458252	0.3176761231589454	0.0628397300984477
ec		target_only_scratch	1	ceftriaxone	5	644.0	3.102536407371418	0.25873433719498473	2.6803017578270927	0.25651466448623217	0.2122253745534441	0.12092938512722566	0.5168638692281795	0.12250991625766722	0.47060424153362757	0.10730310820140017	0.14068322981366455	0.026279013843576577
ec		target_only_scratch	1	cefuroxime	5	808.6	2.146763454457292	0.12052966270175476	1.7399246384701557	0.1084243017587565	-0.6886297364174376	0.2698112557951757	0.1686288045948695	0.03042862051225975	0.13843359248428158	0.031627088955995544	0.3578375699127391	0.03427847260054145
ec		target_only_scratch	1	chloramphenicol	5	568.6	1.7003071641526681	0.060351760380190314	1.4013951181943944	0.0775777973038178	-1.8754835353955221	0.3383767490485367	0.25263991049192247	0.06749693031355776	0.2600047473797673	0.07745992105847409	0.39620658927201163	0.04156246958573488
ec		target_only_scratch	1	ciprofloxacin	5	1293.4	3.6505284191237655	0.24809305532078157	2.705839593870418	0.2522437664900078	0.13662089967891744	0.15834986524248493	0.5618677357027261	0.07257761153195162	0.5957852253333197	0.04829135284067956	0.27931329199792965	0.025400457505991313
ec		target_only_scratch	1	imipenem	5	843.8	1.858517840089111	0.07830846471314425	1.4566826394454637	0.08052302400202307	-0.7803869146029262	0.11436893380147732	0.30797734170095714	0.02072257384895787	0.2917454026449984	0.03121280770838113	0.42442444890455544	0.02975065551855673
ec		target_only_scratch	1	levofloxacin	5	547.6	2.0240036970071458	0.259160206691274	1.5728984334156213	0.18694457655581903	0.23875259153571124	0.1740088881918004	0.5914583059784344	0.07184820918932225	0.5488519308836386	0.06437873635762804	0.40064074336015515	0.07586300280172054
ec		target_only_scratch	1	meropenem	5	1076.0	2.3555232186075243	0.06438611158721491	1.884634984042807	0.0448006776365277	-0.25480514972644636	0.07908949041887363	0.2737428512001425	0.040676359361566494	0.22355772985923208	0.032002050432022915	0.3071871127633209	0.02567852817120259
ec		target_only_scratch	1	minocycline	5	685.0	1.9248235415761201	0.22474120241523632	1.515691434183949	0.183982823267214	-1.1948487075727245	0.3929357524696517	0.22159216753874786	0.10125502564550479	0.2586064611704575	0.10475827817474272	0.4417518248175182	0.03852650352068104
ec		target_only_scratch	1	tetracycline	5	411.4	3.172479907972776	0.2092347978302131	2.3793656284990803	0.16418032192153664	-0.1981336113204814	0.10519423958529943	0.44792373515745154	0.06707818084332551	0.4468701302726181	0.0671355558478372	0.32343679871495046	0.03633549299425447
ec		target_only_scratch	1	tigecycline	5	746.8	1.861069952032577	0.1282977985991311	1.528800461496218	0.12586049732852905	-5.582130197798822	0.9801560016772256	0.16819014340378652	0.051846439184979644	0.21361172151639912	0.041011486364177854	0.38439896015399094	0.06302337585160507
ec		target_only_scratch	1	tobramycin	5	603.8	1.8509244054460943	0.1385964203824926	1.5127134829744058	0.11867077203202869	-0.5284789261609563	0.33795199112402957	0.31535120173348063	0.06353439584332082	0.2554584419693786	0.05558210406958826	0.38812578022323996	0.07524870368676465
ec		target_only_scratch	5	amikacin	5	848.4	1.3702549088970122	0.17695958709136006	1.0912627973708884	0.2240953494892229	-1.3978762104352895	0.6760499205302645	0.2348281105081896	0.03810527211837136	0.2318705213923538	0.0370896472553363	0.5321072330747976	0.13174942695938746
ec		target_only_scratch	5	ampicillin	5	343.0	2.3989086553601746	0.19819755733419467	1.8196522227992584	0.0905895900890939	0.10976212394038723	0.04155004363338537	0.43659031414148985	0.0658908513687878	0.4273673243276569	0.047535865965851895	0.33119533527696793	0.020892941863806448
ec		target_only_scratch	5	aztreonam	5	556.4	1.6836192899866564	0.09201121881304902	1.282187336943355	0.07120633994945474	0.2936588391811369	0.08383711327376671	0.6155280543107022	0.039703448222259644	0.6000780622663698	0.04145202628195372	0.5008337315784714	0.025294255883382796
ec		target_only_scratch	5	cefepime	5	666.6	2.0749216085257176	0.12671549159616907	1.595065832504694	0.14324947625317366	0.2735540386902854	0.09180298815496858	0.574336086869931	0.05348346723315457	0.5605009631691412	0.05302084842928007	0.4285906596251423	0.08411920608947733
ec		target_only_scratch	5	cefmetazole	5	488.2	2.4513500230855447	0.24954610371101074	2.0844797480331865	0.29961784284799176	-0.4204086682161831	0.32284563154603757	0.012981100077350738	0.18223263432638237	-0.02692970875994735	0.17753512535434468	0.24939851598556212	0.09615539138219537
ec		target_only_scratch	5	cefotaxime	5	1098.0	3.7274364516740777	0.3063611309385482	2.9971494474082405	0.38994693796832003	0.37123748243568155	0.0828302656053849	0.6727032791651119	0.030882228616190596	0.6692321193759423	0.029386479273193298	0.1630843958712811	0.083527725510901
ec		target_only_scratch	5	cefoxitin	5	349.4	1.5374610711033918	0.07792594497641352	1.1659863921183162	0.06089770822563489	-0.356838126169162	0.15778759746125143	0.3693637283947473	0.03507239496884485	0.3373785633577677	0.056055728747270404	0.5378976668031109	0.02018845387118419
ec		target_only_scratch	5	ceftazidime	5	1197.2	2.399902836575159	0.1791780253963288	1.7781545071073102	0.1132967919999937	0.3382576955181951	0.06513138256894567	0.6426754209413734	0.026160335871764223	0.666776717407634	0.02029022491386887	0.3849552465842774	0.01222377470603274
ec		target_only_scratch	5	ceftriaxone	5	644.0	2.68235417648632	0.12281310960150965	2.1887193352014878	0.3316251627361378	0.4120889484920392	0.05488904105705099	0.6895407967607461	0.02341956133793274	0.617219774683114	0.030795600710228393	0.2546583850931677	0.17174557299374613
ec		target_only_scratch	5	cefuroxime	5	808.6	1.9238386384575628	0.17447290397821602	1.5479303482344515	0.15950961185698737	-0.3614808237107876	0.2677407667960321	0.22744414808851476	0.05590719159901272	0.20624891340169835	0.06316286869019827	0.3965120121406454	0.04715432510442447
ec		target_only_scratch	5	chloramphenicol	5	568.6	1.512492469123427	0.1701252071351267	1.2363513179266208	0.23704222620923787	-1.3178317587497648	0.5987479325797856	0.23919960341771213	0.034928513510871596	0.22452682829489728	0.03637159484112604	0.4810775019183643	0.17222632884944036
ec		target_only_scratch	5	ciprofloxacin	5	1293.4	3.0980493935274995	0.22532526258876354	2.2991775649269712	0.17261293315166906	0.38513575565503855	0.05257948834748077	0.6739776240611116	0.022322178233193015	0.6983232327064657	0.016716007196672485	0.28030786787174466	0.05292806129022663
ec		target_only_scratch	5	imipenem	5	843.8	1.6523385897597518	0.2203734916308782	1.261406308042372	0.17488403438904207	-0.40958988297964494	0.271866393805098	0.3971843136633776	0.054854176670441644	0.3723801922761424	0.05097308158803003	0.5156919075220335	0.0731410704092059
ec		target_only_scratch	5	levofloxacin	5	547.6	1.7343846800604594	0.11599625569295553	1.2890152636703305	0.10888207814048172	0.44323654147858915	0.06762474493326236	0.7077375374961489	0.04236157261373514	0.6462134769614144	0.037849251641470745	0.522441363420026	0.05501973620830223
ec		target_only_scratch	5	meropenem	5	1076.0	2.1268565207157306	0.06216130764173655	1.6886389240096271	0.07963058703156309	-0.02348050063784881	0.08985823572203192	0.34144629526360076	0.04405527204164037	0.31792501897131353	0.05596432060265558	0.37156133828996285	0.028490179112431645
ec		target_only_scratch	5	minocycline	5	685.0	1.7107510206622187	0.26733955529964887	1.3356621459922287	0.21807877343284182	-0.7332921352542938	0.38347726968746604	0.27160477385987514	0.04789991501897164	0.283911195423291	0.05666784249218101	0.4872992700729927	0.07747517983450568
ec		target_only_scratch	5	tetracycline	5	411.4	2.619192953782619	0.11796714418100805	2.0029050081774944	0.05473545399221219	0.18432921359614818	0.027525910815159062	0.5006650446620284	0.030894581888723672	0.5170352207460207	0.040889199753484845	0.3581118748966527	0.05112224682126292
ec		target_only_scratch	5	tigecycline	5	746.8	1.42050166658565	0.22918056573649867	1.136594478918677	0.24573295110359802	-2.9271837504858884	1.2398938352305187	0.1736830872194033	0.048760905666454024	0.22056967611973569	0.03853899806631764	0.5204696055595632	0.13924379607347925
ec		target_only_scratch	5	tobramycin	5	603.8	1.6282571473734488	0.09588998311292378	1.339493230166733	0.11800731044262693	-0.1724805913760727	0.18377296143944807	0.32163018819423755	0.02720938626888786	0.27236363719592666	0.02836762364679166	0.4478512514689247	0.052264160220344566
ec		target_only_scratch	10	amikacin	5	848.4	0.9879904995171798	0.07914318601531681	0.705768749152543	0.07759781157872589	-0.24161161139114506	0.26949022564765324	0.32384678580141996	0.05002756033559515	0.30659636516482325	0.05477404621164285	0.7671844789652643	0.047459961481269755
ec		target_only_scratch	10	ampicillin	5	343.0	2.144125441182153	0.12927588898033418	1.5045320304651881	0.05162604243819443	0.28581851359747484	0.05121329629108327	0.5764465922258588	0.04976903605252072	0.5605427211576796	0.03339874223912905	0.4767735665694849	0.023207924931762054
ec		target_only_scratch	10	aztreonam	5	556.4	1.494638603489531	0.10388186227565495	1.1301144393955984	0.06937820575042702	0.4435965739263489	0.0704630473454009	0.6839958224385262	0.03915587746723034	0.6817132674303229	0.033496707479438975	0.5657795487129148	0.02124674188153373
ec		target_only_scratch	10	cefepime	5	666.6	1.758901377816607	0.13889087398185884	1.2407602190252776	0.13252832417214971	0.4765677752499385	0.08281782122138741	0.7117825460277519	0.04952798247555115	0.6835583916912364	0.04160618670271856	0.5695716706211459	0.046121329262884043
ec		target_only_scratch	10	cefmetazole	5	488.2	1.7625000430402367	0.18143800571322144	1.3485321578058052	0.1889415668587003	0.26506341008893053	0.17781943173131426	0.5373721616921012	0.13753382665019567	0.505079380024956	0.13041527564299854	0.49656123235777266	0.06601809980240425
ec		target_only_scratch	10	cefotaxime	5	1098.0	2.8991575186494645	0.279083733831197	1.9220349285066238	0.27340291409677436	0.6175993352574963	0.06097951234761606	0.7955416745436714	0.026608168423073664	0.7977849517452282	0.020671310677245803	0.45209471766848813	0.063141244452087
ec		target_only_scratch	10	cefoxitin	5	349.4	1.223051700527749	0.1012131661451558	0.9308145438375928	0.07873708424397152	0.1358126247607458	0.16662677439749488	0.517718789670919	0.06592416117328832	0.39121323095124777	0.07442493042244466	0.640568153909128	0.04055785377370073
ec		target_only_scratch	10	ceftazidime	5	1197.2	2.0087303110521777	0.09080014793852915	1.3923938823957256	0.06015997940106376	0.5349784742752111	0.03315249267653415	0.7424372509951339	0.013636656891293208	0.7705980200883418	0.021676435119473612	0.5010641052640876	0.03055802177160192
ec		target_only_scratch	10	ceftriaxone	5	644.0	2.1443507489469678	0.09931466431735571	1.4078154757510926	0.17658049542632717	0.6226284994053513	0.03678026313470368	0.8096689272553743	0.01799703292264453	0.7601493398768779	0.02835413676472928	0.579399585921325	0.07603905479361596
ec		target_only_scratch	10	cefuroxime	5	808.6	1.445965382473307	0.09922580110198428	1.098943890737684	0.08570389564000547	0.22289678330008175	0.17816638579503755	0.5219905058208775	0.08466907588914999	0.4614774958278499	0.08373060164428262	0.5644349663643744	0.032053872951765136
ec		target_only_scratch	10	chloramphenicol	5	568.6	1.041132617197809	0.05985478590395558	0.6964625520127408	0.08836533802037268	-0.10397336705129083	0.2066159715030177	0.3867046501490381	0.027561605183261884	0.3209753347728494	0.02313730635296612	0.7847465283794153	0.055042996691762484
ec		target_only_scratch	10	ciprofloxacin	5	1293.4	2.603015252411688	0.16187818540291388	1.6868200588744666	0.11474118216644985	0.5644412846255198	0.03678838780085798	0.7641037760895532	0.01839842398746382	0.785314881398458	0.012941682294601907	0.48791535127721775	0.041230517700251754
ec		target_only_scratch	10	imipenem	5	843.8	1.2332298946109315	0.09533488941831374	0.8350121929645518	0.08716932738920083	0.21191902793505282	0.10946611493738034	0.5818568825382963	0.05188887298578565	0.5628378889717445	0.045553295945539085	0.721497454176107	0.03477475804432856
ec		target_only_scratch	10	levofloxacin	5	547.6	1.3358962813799917	0.06669081398357103	0.917162648124642	0.06572251604967554	0.669969974951087	0.025360424731786027	0.8276955675948774	0.014508408782959052	0.7504509184952596	0.015718982714689505	0.7032094992816379	0.046315476599630145
ec		target_only_scratch	10	meropenem	5	1076.0	1.8083884630057323	0.07820863513983517	1.3179704396227259	0.1110975280294425	0.25886453187990643	0.08124040914796865	0.5395117704490938	0.0439233097314857	0.5192098812042161	0.053478405225010774	0.544361833952912	0.04985221900114168
ec		target_only_scratch	10	minocycline	5	685.0	1.192732297615489	0.12797549605980857	0.8617862112617116	0.10903878876437954	0.1447506117578577	0.15861882754996906	0.5259468629063717	0.03393449590714934	0.4710718606393208	0.05038072431679901	0.7070559610705597	0.04817641129942557
ec		target_only_scratch	10	tetracycline	5	411.4	2.0664970444524204	0.15514375909707528	1.5192881466775794	0.12568262269196953	0.48826823717712386	0.06324582329482938	0.711188253166206	0.039429653696326034	0.6948768713442623	0.04167817601642741	0.4819553697273207	0.034834290875755375
ec		target_only_scratch	10	tigecycline	5	746.8	0.9191485187726004	0.10722145574139887	0.6210864377743477	0.11263369450820712	-0.6323809552633852	0.39789453227853877	0.20874830216605952	0.030010674008288364	0.22894796003942397	0.03793477290381879	0.7940582107997076	0.05992211549552761
ec		target_only_scratch	10	tobramycin	5	603.8	1.3592465267675846	0.06219732820976134	1.0726534422467444	0.07496785236480706	0.1828719171028952	0.09754430976904906	0.4709144653443554	0.04767424455547205	0.35615537597136715	0.042973053884320586	0.580003038523351	0.044754539014854565
ec	kp_plus_se_to_ec	source_pretrained_few_shot	1	amikacin	5	848.4	1.1330389381059385	0.06071523017676266	0.877544779035337	0.04757030665671798	-0.6133911130113214	0.20433900722875564	0.28202674443531345	0.045861440169921525	0.18766551849726917	0.0412683334583647	0.6516648332111029	0.029736643936475647
ec	kp_plus_se_to_ec	source_pretrained_few_shot	1	ampicillin	5	343.0	2.196921410123062	0.24899392132805342	1.4498733105186816	0.09742162787913307	0.2533337322566169	0.08217953299218649	0.6355688429393982	0.05069637203292662	0.5848963275960043	0.022585533461638607	0.4590864917395529	0.0261001252430885
ec	kp_plus_se_to_ec	source_pretrained_few_shot	1	aztreonam	5	556.4	1.7448093527843416	0.05387141584812774	1.2967909346089712	0.04168226535448212	0.24300080082687475	0.03824924085010699	0.6349114116851321	0.023925005068743004	0.6293704957552892	0.023369029899706444	0.5240841438160064	0.012866371466182148
ec	kp_plus_se_to_ec	source_pretrained_few_shot	1	cefepime	5	666.6	2.2122280285278455	0.030411591921931085	1.7743054152445463	0.02218915603210148	0.1750241666316616	0.031412309519034044	0.5928761284197839	0.029899696390282084	0.5851870465826012	0.0282759836171512	0.30532136334235277	0.035667993197075025
ec	kp_plus_se_to_ec	source_pretrained_few_shot	1	cefmetazole	5	488.2	2.0761601066239574	0.11809095812100406	1.6601857911572868	0.1161780379925155	-0.0014611886443918116	0.09547571306001447	0.393366327703201	0.07637312599939608	0.3075815389865044	0.05618611718947458	0.35698146099433437	0.04638696542836237
ec	kp_plus_se_to_ec	source_pretrained_few_shot	1	cefotaxime	5	1098.0	3.064728752793858	0.0896496649793867	2.1879912152751806	0.05444872507063534	0.5759467911587064	0.01631156760394568	0.7612496785041323	0.010793351694194556	0.7455167101343074	0.011198830863859198	0.3403764420157863	0.03494059172907682
ec	kp_plus_se_to_ec	source_pretrained_few_shot	1	cefoxitin	5	349.4	1.2030373957367675	0.04761771094496132	0.8956050280770917	0.027666523515456662	0.16961927132223698	0.0808599415934764	0.5368910360679683	0.058234409449569986	0.349998010629701	0.06719371256219715	0.6790798198935735	0.019163618227872756
ec	kp_plus_se_to_ec	source_pretrained_few_shot	1	ceftazidime	5	1197.2	2.334791189699768	0.11587615578666495	1.6876322032892705	0.0343800358765273	0.3729691547965043	0.03439774231163544	0.69314245211789	0.014177897467699152	0.6973192264696078	0.018993498196016242	0.4246021750722567	0.014877197156222793
ec	kp_plus_se_to_ec	source_pretrained_few_shot	1	ceftriaxone	5	644.0	2.158052029657735	0.07399106005029174	1.3887606244025208	0.052855482229011194	0.6194538723959727	0.030805815536828512	0.813170805115287	0.010050195025194846	0.7546153139574756	0.007330711326003598	0.5704968944099379	0.0370298117453145
ec	kp_plus_se_to_ec	source_pretrained_few_shot	1	cefuroxime	5	808.6	1.7560521057210643	0.04479496207811889	1.3923715524893823	0.02685518173741655	-0.12890166659920513	0.13229652878778717	0.33469582163378236	0.048034426284407024	0.2587307752733001	0.05007840623882864	0.44125524727998133	0.007471609687923076
ec	kp_plus_se_to_ec	source_pretrained_few_shot	1	chloramphenicol	5	568.6	1.176803835719948	0.04152033746605171	0.8679050784476203	0.046005564242128504	-0.37768542079799217	0.15001959524951664	0.4019145450667992	0.023309609194385707	0.36756070047607564	0.021057324461720643	0.6495466059390909	0.022056261590657718
ec	kp_plus_se_to_ec	source_pretrained_few_shot	1	ciprofloxacin	5	1293.4	2.606554464886635	0.26255897447836984	1.9255263151613242	0.13288086465295218	0.564321097601576	0.05763080666595559	0.7906553907695393	0.00991326999473571	0.7695368127918802	0.008709947363367249	0.2922521818231806	0.035495809155583244
ec	kp_plus_se_to_ec	source_pretrained_few_shot	1	imipenem	5	843.8	1.2966897701583022	0.08297891773349729	0.9332953192167214	0.059779076667586	0.13432631718122448	0.0714466982257864	0.4684413858771558	0.040697168310465784	0.41163698967500795	0.021056181595275916	0.6347503555907867	0.03212990937859274
ec	kp_plus_se_to_ec	source_pretrained_few_shot	1	levofloxacin	5	547.6	1.4697110939324403	0.08375211547886192	1.2194901260186162	0.07427883173334039	0.5997276100285562	0.050465785910529345	0.8865659153351295	0.016595772987726416	0.7591612216681817	0.02917887376765946	0.44728979570050303	0.039940158493439314
ec	kp_plus_se_to_ec	source_pretrained_few_shot	1	meropenem	5	1076.0	2.0198780503118163	0.05175250264560334	1.6452394027692236	0.055376805506111605	0.07828667568634985	0.049821353981312176	0.3947042331025991	0.02320302988769595	0.3315628443372385	0.020357749155546206	0.3266418835192069	0.025476854094283567
ec	kp_plus_se_to_ec	source_pretrained_few_shot	1	minocycline	5	685.0	1.528279375219149	0.053857403822601284	1.3228219070080713	0.05532887854476804	-0.38432966166890464	0.13861382077978585	0.33794164760120654	0.04340173905996059	0.373692101465653	0.03827191795233476	0.37128953771289536	0.06307196358244833
ec	kp_plus_se_to_ec	source_pretrained_few_shot	1	tetracycline	5	411.4	2.0220815981640925	0.02485707315728191	1.6504348063524739	0.029599790385904032	0.511438765739538	0.02178315341237003	0.7697899980334415	0.01230441821707846	0.7389042463291037	0.015081114371757052	0.30107363050102753	0.026440429985033542
ec	kp_plus_se_to_ec	source_pretrained_few_shot	1	tigecycline	5	746.8	1.170949360031433	0.0480625663638794	0.9812324016350331	0.06043913926949891	-1.598937897647639	0.24531064367835284	0.13497642226537213	0.030740526236395758	0.16438799301714488	0.029510354369152895	0.534712098318804	0.03326474490244197
ec	kp_plus_se_to_ec	source_pretrained_few_shot	1	tobramycin	5	603.8	1.315595330592123	0.043549331018211596	1.0150739723676787	0.03396769457596465	0.23734884142960172	0.0722096136993655	0.5595109052982425	0.04552495779892315	0.42760982475428405	0.047076465188495176	0.6041790678688969	0.027087660975369847
ec	kp_plus_se_to_ec	source_pretrained_few_shot	5	amikacin	5	848.4	0.9366108047746102	0.026623023027898162	0.7092887426977945	0.01693856002514797	-0.09289530084753497	0.07320439019209142	0.32214101200545625	0.040114156534568804	0.20157348405783723	0.02575686638945523	0.7691320162084879	0.01153305649693539
ec	kp_plus_se_to_ec	source_pretrained_few_shot	5	ampicillin	5	343.0	2.025728863933	0.25801910640229403	1.308257643601869	0.08949608012145076	0.3673533559430868	0.0669588954866854	0.645432728399113	0.05183478988742766	0.5864125056918519	0.021402785337799733	0.5405247813411079	0.01812120070794799
ec	kp_plus_se_to_ec	source_pretrained_few_shot	5	aztreonam	5	556.4	1.5672030909225243	0.07676847392038504	1.1813164767972981	0.05154435796419099	0.3894323801042653	0.05120210118223044	0.6569179636466732	0.031756055558919034	0.656313074534072	0.02625341696628014	0.5558307393582441	0.007644928000731363
ec	kp_plus_se_to_ec	source_pretrained_few_shot	5	cefepime	5	666.6	1.9538749274726777	0.04669867625396126	1.483745033486947	0.04565724562057599	0.3570605541629719	0.035492192822021915	0.6526256297110783	0.027343378319128954	0.636338588068045	0.019107678909145248	0.4950350650500576	0.030117661188110493
ec	kp_plus_se_to_ec	source_pretrained_few_shot	5	cefmetazole	5	488.2	1.8271753591764388	0.13492291149241178	1.410144398523474	0.10782034697699865	0.22511122553496676	0.08403589822814142	0.52318797616256	0.05637281974727411	0.46318261451690984	0.052809236747498774	0.4727614066847699	0.03542486507539235
ec	kp_plus_se_to_ec	source_pretrained_few_shot	5	cefotaxime	5	1098.0	2.9774008241369048	0.11475323740492688	2.05774018100978	0.06601173000937131	0.599693633521793	0.02242192915808945	0.7791275160061013	0.013594707728167817	0.764563331951761	0.01656446090491643	0.4424408014571949	0.018004501908423735
ec	kp_plus_se_to_ec	source_pretrained_few_shot	5	cefoxitin	5	349.4	1.1386189556794137	0.05414728798146583	0.8386657579580813	0.030257283701824282	0.25604518326296505	0.08431777325731139	0.5602420291191751	0.06678647201065632	0.35015958031614014	0.0729322332283941	0.7099964524491746	0.020955151806771207
ec	kp_plus_se_to_ec	source_pretrained_few_shot	5	ceftazidime	5	1197.2	2.0979788626232043	0.1660794369107069	1.4767517202630047	0.05535200541035694	0.49603673709974255	0.028931738130181732	0.7264293464868208	0.013497226750322356	0.7268917234880761	0.013193432796304796	0.47494027221643426	0.023070035035315177
ec	kp_plus_se_to_ec	source_pretrained_few_shot	5	ceftriaxone	5	644.0	1.9619022565945887	0.06402154616024938	1.1334140935966717	0.03905376879933014	0.685654435467675	0.022794690277024476	0.8423364407863474	0.010260475504896796	0.7737496052583777	0.009466913049017516	0.6902691511387163	0.014495526206249167
ec	kp_plus_se_to_ec	source_pretrained_few_shot	5	cefuroxime	5	808.6	1.5750972505795544	0.034115175144825906	1.242672714810197	0.03391683321711932	0.09545040941855507	0.06597410300630566	0.3988062233260853	0.04289133474517024	0.3020458663349118	0.04435271981280092	0.49657381683780244	0.019394623602851636
ec	kp_plus_se_to_ec	source_pretrained_few_shot	5	chloramphenicol	5	568.6	0.9998435471020459	0.037584248032593595	0.7136399060200783	0.031237325917024706	0.009810932995614089	0.056470966434825395	0.494225378074635	0.025937474441468055	0.4015700037269177	0.0269137081890801	0.7375999405925888	0.013843272847435749
ec	kp_plus_se_to_ec	source_pretrained_few_shot	5	ciprofloxacin	5	1293.4	2.411158413990943	0.18620123538844316	1.7342002855401255	0.05076507729462528	0.6277600303418115	0.030810724504034034	0.8025450786455913	0.014526387183854347	0.7795433988799492	0.00844557835776393	0.35493492682230987	0.0281030439501278
ec	kp_plus_se_to_ec	source_pretrained_few_shot	5	imipenem	5	843.8	1.2054567652198627	0.06216385027132644	0.8445531590319412	0.042610809561898375	0.25223940224311125	0.042342173431291284	0.5071382929253486	0.03967463974348554	0.45061360681143225	0.029079435713583512	0.6932894068614498	0.020144631871190418
ec	kp_plus_se_to_ec	source_pretrained_few_shot	5	levofloxacin	5	547.6	1.0213476842823013	0.05147900398603247	0.7638109489545163	0.035677416867340224	0.8072537032496054	0.019522010527143693	0.9073462899194172	0.010259028151266126	0.7643409901588416	0.028415957686736087	0.7226826707944684	0.03198396938553478
ec	kp_plus_se_to_ec	source_pretrained_few_shot	5	meropenem	5	1076.0	1.918718661989455	0.033441931716937434	1.5014518492597777	0.04657511037917523	0.16879676750354994	0.03068568206326562	0.4236151311661141	0.02377558821037424	0.36353432731956314	0.025460218892923474	0.4377942998760842	0.05429909983795918
ec	kp_plus_se_to_ec	source_pretrained_few_shot	5	minocycline	5	685.0	1.259019819680903	0.04052091851471042	1.0455062573147516	0.022953297498439693	0.062222099920047166	0.07506692852863674	0.4620673551670854	0.05822901197660771	0.47854812802673496	0.04326682897821744	0.5606812652068126	0.036309986465513235
ec	kp_plus_se_to_ec	source_pretrained_few_shot	5	tetracycline	5	411.4	1.799708144655399	0.060066924295021557	1.4653560007905593	0.037353095094937776	0.6139219874025879	0.019927504668478976	0.8177770921145561	0.012868127862342354	0.7680619684993355	0.009062818938642412	0.35295986582571515	0.029227740367976422
ec	kp_plus_se_to_ec	source_pretrained_few_shot	5	tigecycline	5	746.8	0.905292168681809	0.01315547578470541	0.7330950012797227	0.009646318843216648	-0.5469395707751157	0.0658530914375389	0.13748880093335702	0.018970365809719895	0.16342151399686197	0.01820438010912712	0.7128220956509985	0.013449328863206867
ec	kp_plus_se_to_ec	source_pretrained_few_shot	5	tobramycin	5	603.8	1.1999669520013652	0.036011938561413985	0.9246508565664839	0.0252956340812771	0.3666817887762308	0.04259895283986857	0.6123045681790397	0.03275366800810685	0.45512842225311	0.0410965973023844	0.6200707280375167	0.013744142497442713
ec	kp_plus_se_to_ec	source_pretrained_few_shot	10	amikacin	5	848.4	0.8888148638566141	0.023275500449621463	0.6707498391690477	0.017350505744935473	0.017246391576926926	0.04707319576854228	0.34180516831351654	0.039443735382897374	0.2016754197843127	0.031446286655073034	0.7780115896615329	0.011484688549413738
ec	kp_plus_se_to_ec	source_pretrained_few_shot	10	ampicillin	5	343.0	1.967739090600827	0.2479203628097007	1.2539226503251706	0.07099038097839037	0.40322163596726346	0.060414832891028586	0.654784230037303	0.04828629297976227	0.5975977507440358	0.013310512510641307	0.5346938775510204	0.030726951243327447
ec	kp_plus_se_to_ec	source_pretrained_few_shot	10	aztreonam	5	556.4	1.5140581221412215	0.0692947624561265	1.1655512342564636	0.04764943043299971	0.43025406705153557	0.044240039557629965	0.6673303766044363	0.02981920058003235	0.6700336865711924	0.023502396111580948	0.5573875549470657	0.011271659385904565
ec	kp_plus_se_to_ec	source_pretrained_few_shot	10	cefepime	5	666.6	1.8345355672636026	0.05495917701416961	1.3535787309692784	0.04949670545351954	0.43317202618666695	0.03883820621458035	0.680374535779902	0.025911681028323204	0.6575710193631938	0.020251322324072916	0.5297499898699298	0.016148224382470756
ec	kp_plus_se_to_ec	source_pretrained_few_shot	10	cefmetazole	5	488.2	1.7462275516403445	0.10207471794509097	1.3383722614097928	0.09296788914150725	0.2928612178657791	0.05330271541949117	0.5593898068762659	0.045957725732872476	0.5125769182633395	0.03984032525125448	0.49311073116765564	0.04173206738725501
ec	kp_plus_se_to_ec	source_pretrained_few_shot	10	cefotaxime	5	1098.0	2.925995051653987	0.11594423841935919	1.99954954656005	0.06415213995388473	0.6134584034930631	0.020681432245251766	0.7884522645451234	0.011572669866991778	0.7744804691118434	0.016278700405378356	0.46630236794171215	0.012378192494156103
ec	kp_plus_se_to_ec	source_pretrained_few_shot	10	cefoxitin	5	349.4	1.1095413143500932	0.04757212519017017	0.8075721914318968	0.02817875649900009	0.2939060902140193	0.07411131661639549	0.5807266234143039	0.06639213801296456	0.36379408352726206	0.07601049640591478	0.7235541001500887	0.024775461691747432
ec	kp_plus_se_to_ec	source_pretrained_few_shot	10	ceftazidime	5	1197.2	2.0429705776572264	0.15280204133387676	1.4347354959087955	0.06345916516543396	0.5220704128994766	0.02168976577260399	0.7362598831667481	0.01253776955927968	0.7391485582133692	0.017069138425208616	0.48223694089610963	0.026028791053925766
ec	kp_plus_se_to_ec	source_pretrained_few_shot	10	ceftriaxone	5	644.0	1.8885993369250826	0.0562540080718571	1.0693343816409908	0.030503068424161648	0.7087093237663923	0.02154295560780337	0.8526102387662687	0.009353848009262969	0.783672936627672	0.00929614237877389	0.7237060041407867	0.011157816484006433
ec	kp_plus_se_to_ec	source_pretrained_few_shot	10	cefuroxime	5	808.6	1.5161129573931291	0.03443155129292528	1.1947324499227636	0.037210142206910775	0.16190461750066903	0.06483282440640621	0.43469256568705655	0.04996193679997396	0.32352775978535386	0.05256678887857315	0.5152076270667857	0.022450637764159245
ec	kp_plus_se_to_ec	source_pretrained_few_shot	10	chloramphenicol	5	568.6	0.9210393352383225	0.03703417773963058	0.6413368525018489	0.023162303922180816	0.15917203051002413	0.0595781581838346	0.5363879977653866	0.03035769661609411	0.4119351826148813	0.029898139300090654	0.7950454631715307	0.01860842140458435
ec	kp_plus_se_to_ec	source_pretrained_few_shot	10	ciprofloxacin	5	1293.4	2.3477490880063434	0.18976773003253472	1.6767838910925974	0.04253274837741549	0.6471614409619023	0.030862373221124166	0.8108928465994202	0.015052139677059661	0.7858775598864107	0.008618312390300913	0.36322659204458835	0.011016002241286958
ec	kp_plus_se_to_ec	source_pretrained_few_shot	10	imipenem	5	843.8	1.1713645027289248	0.054393070427587606	0.818748723463625	0.038413436836912125	0.2938362425767048	0.03566544162939462	0.5438553503652805	0.032837048981615734	0.47612751820751525	0.025717984788110358	0.6982678652746622	0.019005785227447787
ec	kp_plus_se_to_ec	source_pretrained_few_shot	10	levofloxacin	5	547.6	0.9541133161647368	0.047590974643027535	0.6940234498244191	0.022066113956751794	0.8318935411644846	0.015578770413948789	0.9159959497526712	0.008829600750399553	0.7653461389056453	0.029986586733360507	0.7816085972146234	0.02187863051497184
ec	kp_plus_se_to_ec	source_pretrained_few_shot	10	meropenem	5	1076.0	1.8867496359147105	0.02189622971702018	1.4725729568694086	0.030210226829207324	0.19616804394171744	0.030692321641676238	0.4516672458510399	0.02612280698659898	0.3810012689708695	0.020915618786551765	0.45904584882280053	0.04643606888370256
ec	kp_plus_se_to_ec	source_pretrained_few_shot	10	minocycline	5	685.0	1.1106562348049436	0.05585755895745049	0.8899774747202287	0.035457343208322285	0.2722091638067853	0.04361017419357283	0.5887660082685299	0.04153374635210405	0.5602025456198902	0.024577408110280172	0.6764963503649636	0.03224078401268099
ec	kp_plus_se_to_ec	source_pretrained_few_shot	10	tetracycline	5	411.4	1.6434693683914268	0.07942088575151666	1.3131363251350359	0.058615489800758966	0.678223601264936	0.018855816604984265	0.8439231939977405	0.011861842299487878	0.7829860891710143	0.013407822735781219	0.4833916015086732	0.024921650360037764
ec	kp_plus_se_to_ec	source_pretrained_few_shot	10	tigecycline	5	746.8	0.8372383214207388	0.011398147781371992	0.6523191219700719	0.008212753882123875	-0.32305805329122017	0.04918845941438389	0.15852968928922254	0.019187051042745425	0.18620952210185127	0.018374786795587635	0.7864650140628046	0.014650136813070756
ec	kp_plus_se_to_ec	source_pretrained_few_shot	10	tobramycin	5	603.8	1.1689416459500195	0.03700600385736934	0.9082368273572072	0.024669833937271166	0.3981134038179085	0.03971707491763619	0.6331133269917569	0.0318385453943591	0.4686050638042471	0.03844324865673339	0.6376253390882234	0.008300942253614602
ec	kp_to_ec	source_pretrained_few_shot	1	amikacin	5	848.4	0.9671697453768318	0.05014276871340106	0.7440631973009182	0.05364912156542053	-0.17152840982875658	0.151050428422262	0.28191800737712763	0.04002599188876921	0.140455340860311	0.01560967284205368	0.6914211873384151	0.031887698067137024
ec	kp_to_ec	source_pretrained_few_shot	1	ampicillin	5	343.0	5.273432743110303	0.6263462992071721	4.673705397428995	0.6124704721256649	-3.333573365885697	0.7976402456823698	0.3322629214646757	0.03893118191404183	0.27555099110497444	0.06344282540127137	0.02701652089407187	0.014680554014213178
ec	kp_to_ec	source_pretrained_few_shot	1	aztreonam	5	556.4	1.6905476292174573	0.09394522437758014	1.2248159431320025	0.05415725023289818	0.2889819767846352	0.06686894966495303	0.6262144832512236	0.03556228237010432	0.6229711331057927	0.043505375453186085	0.5781130930085376	0.012248287400807745
ec	kp_to_ec	source_pretrained_few_shot	1	cefepime	5	666.6	2.048757213718303	0.140473105527901	1.5287482917963113	0.07131745187042288	0.28896483905299575	0.09811780208056411	0.6171579614568388	0.059908169390857344	0.6000383107724266	0.04914475026719236	0.5092485288887089	0.016367847883966453
ec	kp_to_ec	source_pretrained_few_shot	1	cefmetazole	5	488.2	2.208031476840905	0.15833965083074986	1.6974975285072986	0.16367027473763412	-0.1415585357481265	0.18329095975577078	0.3794786865924547	0.07920288429709411	0.25442059096964603	0.07201923690858851	0.4017765150245287	0.05434081685930512
ec	kp_to_ec	source_pretrained_few_shot	1	cefotaxime	5	1098.0	3.291668763105375	0.17850518896177148	2.310898777467957	0.12049284309845867	0.5102924040423554	0.036804533830815146	0.7237165376074876	0.019178678302838814	0.7096282401116664	0.015783600517812673	0.3528840315725561	0.014402731297361615
ec	kp_to_ec	source_pretrained_few_shot	1	cefoxitin	5	349.4	1.183405448695099	0.03244944120960963	0.8812502265120287	0.011786743930556608	0.19828531300700764	0.04989376733028044	0.47861275774529377	0.047618798734684865	0.31749744787638784	0.03760262022838352	0.68385482330468	0.015246810566512264
ec	kp_to_ec	source_pretrained_few_shot	1	ceftazidime	5	1197.2	2.4133384825880766	0.15966878163669787	1.7345347939719864	0.08891947226015237	0.3268278361125133	0.09941577958496639	0.646883062600062	0.023362302759359865	0.6542757036750299	0.02421908109867719	0.4134106365896191	0.02335178267004844
ec	kp_to_ec	source_pretrained_few_shot	1	ceftriaxone	5	644.0	2.2888700948560556	0.049534508223592656	1.477202605695211	0.046091244751199495	0.5724239493500393	0.020048434045277636	0.7798271872536641	0.014260591778372054	0.7183979391621854	0.02241430358695201	0.5768115942028985	0.03804365431432061
ec	kp_to_ec	source_pretrained_few_shot	1	cefuroxime	5	808.6	1.6834477253107643	0.09254953823955388	1.3256412466093896	0.06945325736738965	-0.040389062805436214	0.17421296625787866	0.3516352689095611	0.05280568361885305	0.26537905886413116	0.04633230413565208	0.46854620258070306	0.011241485151599555
ec	kp_to_ec	source_pretrained_few_shot	1	chloramphenicol	5	568.6	2.0078726201174746	0.1281124498022378	1.5715930641681815	0.14836038614584493	-3.0678915262132866	0.8368374966262616	0.06220164468206337	0.03677954421617652	0.10708587672367549	0.029121287450073335	0.4083956286046685	0.05204788847649581
ec	kp_to_ec	source_pretrained_few_shot	1	ciprofloxacin	5	1293.4	3.182889420471098	0.22372172266978324	2.2305456652967135	0.23224462105962704	0.34623717921448804	0.09363374613925173	0.7307226036890058	0.011554780168054174	0.7358485482593492	0.018446555945702978	0.37951040616994847	0.0591131787748939
ec	kp_to_ec	source_pretrained_few_shot	1	imipenem	5	843.8	1.5291208027626375	0.04978803301018277	1.1235244278122782	0.0610657804919856	-0.21353461090575582	0.1702979168065508	0.344804235371977	0.07657054345787946	0.2942295012324821	0.056167207973668094	0.586550047880604	0.018390980289154292
ec	kp_to_ec	source_pretrained_few_shot	1	levofloxacin	5	547.6	1.5119556711395463	0.06567188057897426	1.1850092604544253	0.048980568513996375	0.5754889763634974	0.04921407708645841	0.8064472903430712	0.025046267731378868	0.7190844684630016	0.0330977289596526	0.5126562937856123	0.05344733258759352
ec	kp_to_ec	source_pretrained_few_shot	1	meropenem	5	1076.0	2.158963356845677	0.07296849545411407	1.6253749034698715	0.02576213471250531	-0.05444307091722905	0.09077536950896238	0.34522248757282914	0.010363935493271777	0.3206365541203664	0.02134084017658807	0.44268897149938036	0.05511073183549451
ec	kp_to_ec	source_pretrained_few_shot	1	minocycline	5	685.0	1.4456373863942162	0.15495290285704374	1.236463174805444	0.1450132847968684	-0.23358259005339388	0.15976195720374692	0.5840889659049291	0.025329391040820694	0.553727948016494	0.028882961922329475	0.4375669099756691	0.08712528129747199
ec	kp_to_ec	source_pretrained_few_shot	1	tetracycline	5	411.4	2.2380952941083097	0.05070250879876415	1.6737659749966418	0.0759858268328737	0.4021439452348224	0.046397310443151756	0.7620113471055575	0.019377538405469706	0.7060818471259561	0.01745734236040092	0.4581343160182364	0.043643883015477
ec	kp_to_ec	source_pretrained_few_shot	1	tigecycline	5	746.8	1.5392696141345126	0.1889093345075347	1.4047215759242129	0.18658121193745206	-3.552887362458525	1.0771032144055779	0.16907321689928131	0.03277724637938192	0.21061876145836447	0.024291983724281214	0.30512410081194596	0.09851638070675245
ec	kp_to_ec	source_pretrained_few_shot	1	tobramycin	5	603.8	1.237131659933627	0.02495772644299637	0.9747441774988312	0.0222582541163882	0.32282843519730264	0.06907412742495492	0.6240671287164444	0.022194862814932534	0.4670295260039065	0.03525512257202652	0.5920332114263122	0.017978558693487415
ec	kp_to_ec	source_pretrained_few_shot	5	amikacin	5	848.4	0.8735581404058707	0.015037253186797458	0.6499661578302156	0.011567904102745392	0.0509118420233548	0.02521327487734003	0.2947179023268237	0.028451430221194562	0.10785400951838808	0.02987098900925418	0.7875219459075049	0.010597590738681712
ec	kp_to_ec	source_pretrained_few_shot	5	ampicillin	5	343.0	3.7934311382257206	0.24225611004160674	3.0499801377976716	0.15919904317938707	-1.2328177248243226	0.15209984977600358	0.3929185289743692	0.03886626475620901	0.3718073482743064	0.027776084174464824	0.1477162293488824	0.026176003112061485
ec	kp_to_ec	source_pretrained_few_shot	5	aztreonam	5	556.4	1.5226838058407164	0.05854632898789102	1.14116082868035	0.04601913516443525	0.42360115030660006	0.042021826614065234	0.6726562790786923	0.02695398826331608	0.6747525164064229	0.01767126129276601	0.5863789399360224	0.021399383661047513
ec	kp_to_ec	source_pretrained_few_shot	5	cefepime	5	666.6	1.805462885250499	0.06057361001318759	1.3000055366521772	0.06376705377963289	0.45106700558137114	0.04199552046811646	0.6998310679861426	0.027882369598597516	0.6601523564391576	0.02296505268969329	0.5740584662623642	0.03156426908090104
ec	kp_to_ec	source_pretrained_few_shot	5	cefmetazole	5	488.2	1.8341490977434216	0.11466926508877096	1.3979293540606688	0.09218585966394945	0.21930104562113145	0.06619755143189754	0.5293982917214856	0.03688716724197276	0.453036205823831	0.03875894712939443	0.47071529942896734	0.0333368953804142
ec	kp_to_ec	source_pretrained_few_shot	5	cefotaxime	5	1098.0	3.0477604940675485	0.10536618083010285	2.08597167660485	0.08392334675052752	0.5804870350285134	0.02267479737690406	0.7642037617323727	0.013352450762095801	0.7401334983898946	0.014529401045412027	0.40048573163327267	0.04396988607007401
ec	kp_to_ec	source_pretrained_few_shot	5	cefoxitin	5	349.4	1.1382278404558892	0.03147554608833378	0.8823936567871253	0.017131364923306452	0.25818481013266387	0.05329785249713083	0.5151435286803853	0.05866614263177338	0.3283564594423608	0.06447829485949487	0.6790732705689726	0.010707978921191814
ec	kp_to_ec	source_pretrained_few_shot	5	ceftazidime	5	1197.2	2.1753381034510944	0.1864178946769765	1.5617251751073176	0.05936065926481307	0.4583188000206637	0.037476163938185376	0.686195946249458	0.020267668437086345	0.6949889029969107	0.011516575530562225	0.45417141443852627	0.01627260007083642
ec	kp_to_ec	source_pretrained_few_shot	5	ceftriaxone	5	644.0	1.997241765067996	0.08709562381578831	1.2243879430844422	0.05939785663101807	0.6740523872205173	0.03062962263694816	0.8326844623496308	0.016100512801785198	0.7710895413258869	0.013475169278171214	0.6630434782608695	0.017613560587136177
ec	kp_to_ec	source_pretrained_few_shot	5	cefuroxime	5	808.6	1.5527292046977976	0.011351569291872077	1.232542400901266	0.01653216205412443	0.12097992189671329	0.05855130956412095	0.3977400647905137	0.03968448488366687	0.2953447088244422	0.04526035663968331	0.501928286153708	0.019693696847870593
ec	kp_to_ec	source_pretrained_few_shot	5	chloramphenicol	5	568.6	1.3678245511771483	0.02712525755235676	1.0382795972666308	0.018901362893612734	-0.8533910549711642	0.07603757485120223	0.12718674062092655	0.04139225900467956	0.155341556096882	0.0322620347597029	0.5666565591557546	0.010977501468772797
ec	kp_to_ec	source_pretrained_few_shot	5	ciprofloxacin	5	1293.4	3.1131027779656666	0.16740551334517945	2.145178125235236	0.11442206612392704	0.37736782032277777	0.044956942728821586	0.7243537267589979	0.02174739312248606	0.7340534496125696	0.012110616282381529	0.4302835822263343	0.023832122140639223
ec	kp_to_ec	source_pretrained_few_shot	5	imipenem	5	843.8	1.4334738830298908	0.05830453762486363	0.9949133654040481	0.04932548676549616	-0.06044328695042487	0.07766643847186416	0.2735237373960879	0.07164798433960338	0.13017352947520588	0.0323079026620147	0.6125405017437535	0.017373009271059104
ec	kp_to_ec	source_pretrained_few_shot	5	levofloxacin	5	547.6	1.3827985933659483	0.06667474983846751	1.056154570171032	0.03530131295666026	0.6456109096267915	0.028069643619872436	0.8205351933514333	0.01588819957825622	0.7191439929660289	0.03254186293230861	0.5827773255581206	0.028511421124211064
ec	kp_to_ec	source_pretrained_few_shot	5	meropenem	5	1076.0	1.98913995319042	0.056335838041430795	1.4820232227463115	0.05165315322648041	0.10738306467298268	0.018018416517844468	0.3661531124264481	0.00879773197930916	0.34304383347945333	0.022981782285451228	0.48203221809169755	0.016152179883802603
ec	kp_to_ec	source_pretrained_few_shot	5	minocycline	5	685.0	1.0807792078047693	0.051519543375919255	0.875338190669271	0.03171735185188519	0.3070239437126143	0.08688242009007242	0.7059588011881737	0.02553075619771454	0.6080689089793133	0.028421280593793216	0.6664720194647202	0.01688010454839387
ec	kp_to_ec	source_pretrained_few_shot	5	tetracycline	5	411.4	1.9262589840373139	0.14563975724463338	1.4482483273178381	0.10691960235413814	0.5582922609950055	0.042368528115004	0.8214557958411751	0.011455547561167748	0.7615379698209719	0.01506534681209888	0.47190450318506444	0.03217036475571131
ec	kp_to_ec	source_pretrained_few_shot	5	tigecycline	5	746.8	0.9918928257263092	0.019032113009871603	0.8352292526330416	0.015955124120234532	-0.8568797566114886	0.06963970871727138	0.16735173371981538	0.01698811517955613	0.20760688407703926	0.015906301739102575	0.6098905003391583	0.01055151694668923
ec	kp_to_ec	source_pretrained_few_shot	5	tobramycin	5	603.8	1.1275649720791887	0.03203376498015061	0.8866657699349318	0.030376519798156452	0.44033991810991147	0.034695274327005615	0.6712632209876302	0.021361706946650058	0.48781025987014165	0.03420224141129945	0.6496670437364319	0.012866268237225864
ec	kp_to_ec	source_pretrained_few_shot	10	amikacin	5	848.4	0.8534715893636664	0.016015396194365927	0.6300306004324083	0.011487989145968793	0.09394095790685933	0.025064682323145918	0.35299760211422493	0.02809801726867734	0.18352299144710144	0.03617883242569868	0.7986791712040062	0.012050472431057259
ec	kp_to_ec	source_pretrained_few_shot	10	ampicillin	5	343.0	2.494693537615877	0.30135572600970145	1.7497404595505741	0.15746627147932138	0.04046496493052202	0.08523957159162888	0.47106288407670344	0.04405657220736814	0.4520094786371104	0.0335910609583971	0.43070942662779393	0.032800813387333684
ec	kp_to_ec	source_pretrained_few_shot	10	aztreonam	5	556.4	1.487790528403298	0.059880553421360165	1.1328732507053243	0.04709280058286111	0.4498372262415481	0.03940758924734822	0.6798263939398238	0.02588069361803481	0.6841381885546454	0.01726970789985632	0.5832650934907371	0.014689071411906842
ec	kp_to_ec	source_pretrained_few_shot	10	cefepime	5	666.6	1.7349630122428816	0.06672157676066276	1.212771024114133	0.06828948180344648	0.4929869786580265	0.04349824228711398	0.7150637869598461	0.026540202469786413	0.6696660503652498	0.024606491335824206	0.5788652220436329	0.038798329489743405
ec	kp_to_ec	source_pretrained_few_shot	10	cefmetazole	5	488.2	1.7371148495441229	0.07677099995208164	1.3093217156225072	0.07625652836357959	0.30043513519077164	0.029844548201939138	0.5708976047264585	0.027257620232990522	0.5291223751299022	0.02907947035187006	0.5118159620950529	0.03534299408028907
ec	kp_to_ec	source_pretrained_few_shot	10	cefotaxime	5	1098.0	2.966175674417687	0.11079869842384157	2.0054103721252123	0.0766261550488488	0.6028137200854491	0.019653188486657248	0.7781248456337475	0.011839238734872762	0.7522219413592242	0.01158292904838935	0.42865816636308435	0.02649440241435122
ec	kp_to_ec	source_pretrained_few_shot	10	cefoxitin	5	349.4	1.1498143105129415	0.0346204861755652	0.8850774587065059	0.027161398885775692	0.2428504715762084	0.0557861904224153	0.49833460686685493	0.06322522374267737	0.2625711116374158	0.05784307130505464	0.7015854823304679	0.005471970883606891
ec	kp_to_ec	source_pretrained_few_shot	10	ceftazidime	5	1197.2	2.1043451549438825	0.17446430765245685	1.5045522821019668	0.06211370606096286	0.49315902453992744	0.030040322138146832	0.7070838365994986	0.018504147596853027	0.7159514192059728	0.010433192740833059	0.4660373341069238	0.025606643663840144
ec	kp_to_ec	source_pretrained_few_shot	10	ceftriaxone	5	644.0	1.8969918300883062	0.08753970776940839	1.1336238744959821	0.05896447211423359	0.7058181211915524	0.030660028006631736	0.8458243069688788	0.015729691572659098	0.7807445093167671	0.01137041356704161	0.7090062111801242	0.014238188717087909
ec	kp_to_ec	source_pretrained_few_shot	10	cefuroxime	5	808.6	1.514556096727136	0.007692402865813462	1.201907327469306	0.013014962142027993	0.16340520084784704	0.06095324214712371	0.43090633085383523	0.044587735948859585	0.31372031660526867	0.050536646550455665	0.5138033549955737	0.013329302130393145
ec	kp_to_ec	source_pretrained_few_shot	10	chloramphenicol	5	568.6	1.2066801477902165	0.027954941411639737	0.9671670319995972	0.025967942052993524	-0.4437535747269141	0.08902111013237882	0.15111352181889157	0.035745876330806566	0.1711971259457647	0.024628562097041597	0.6479063013110886	0.025231590887161755
ec	kp_to_ec	source_pretrained_few_shot	10	ciprofloxacin	5	1293.4	2.526708779477922	0.17354549446244458	1.7948751997448198	0.04571481418429977	0.5912456917844002	0.025747541280493728	0.7777523643347827	0.014213082077858848	0.7655053180862738	0.010856276730296984	0.34549615832567304	0.0053992036633152985
ec	kp_to_ec	source_pretrained_few_shot	10	imipenem	5	843.8	1.2898835845885706	0.06104568514562986	0.9129311621844929	0.04794882124492179	0.14305400869460064	0.05794770381090466	0.40559039239156514	0.05876816402503503	0.34332148932915396	0.042244560936081116	0.6499108914787517	0.021686044624041865
ec	kp_to_ec	source_pretrained_few_shot	10	levofloxacin	5	547.6	1.1538966721424373	0.041762635288410496	0.8170281578448085	0.029897420363644834	0.752690879173634	0.019991743942550995	0.8736458215487847	0.011284764095091427	0.7431691550004152	0.03137579372737681	0.7052711761121268	0.020369802787716808
ec	kp_to_ec	source_pretrained_few_shot	10	meropenem	5	1076.0	1.9349465252989404	0.039424717670356366	1.4941245510934158	0.042938410482640674	0.15506672494724377	0.018647068038876908	0.41489708774791173	0.013538818736766135	0.3821739073916611	0.019046297585698823	0.4365551425030979	0.043536921837583405
ec	kp_to_ec	source_pretrained_few_shot	10	minocycline	5	685.0	0.9852597578925242	0.05431746734088217	0.7509917302549322	0.038057959201484644	0.42530082915647516	0.06385059698810454	0.7144070614411642	0.024421804078862446	0.6041904747406106	0.0335940147736915	0.7294403892944039	0.016627104197829545
ec	kp_to_ec	source_pretrained_few_shot	10	tetracycline	5	411.4	1.713604827132754	0.11631779869845987	1.3083360151687133	0.09108598824397783	0.6504444319263094	0.02633880482182437	0.844698127579868	0.007340879124484429	0.772219270087727	0.017096661127945317	0.47594784210899305	0.030180424863677956
ec	kp_to_ec	source_pretrained_few_shot	10	tigecycline	5	746.8	0.8948799644226245	0.014934325282393907	0.7090572848889599	0.012393532632696387	-0.5130103368565243	0.0626862274495609	0.16484924578354282	0.016099467363636155	0.20564521305320654	0.01802236984280115	0.7129107433606933	0.011110168136477375
ec	kp_to_ec	source_pretrained_few_shot	10	tobramycin	5	603.8	1.0894123542202048	0.034221383968661555	0.8252027412981355	0.02546853334401136	0.47802328317545495	0.024723530012348022	0.6946415033253068	0.016657097745282408	0.49415670989557403	0.031521738802439726	0.6976887087740108	0.012123679392677162
ec	se_to_ec	source_pretrained_few_shot	1	amikacin	5	848.4	1.9798080001480618	0.1090728339051974	1.6867497418659454	0.10139239260961273	-3.903674117160299	0.7128056975378984	0.2007627445277441	0.03773925222493966	0.21757682073679946	0.03548730519791328	0.2949202169033491	0.026482425013049163
ec	se_to_ec	source_pretrained_few_shot	1	ampicillin	5	343.0	2.218166157218209	0.2670394423074152	1.4089135548927116	0.10634548396137676	0.23788456555072496	0.07628527756267132	0.6084264864563236	0.06503011397586726	0.56552158747144	0.06027525498791067	0.5519922254616132	0.019617715489005174
ec	se_to_ec	source_pretrained_few_shot	1	aztreonam	5	556.4	2.1949671023319923	0.09596296279709668	1.7372453898019984	0.09561091730013907	-0.1980466293845056	0.0837640355477694	0.6160348856332559	0.03186953159585705	0.5901295860951039	0.02165022450456199	0.365702698164628	0.03642655745427683
ec	se_to_ec	source_pretrained_few_shot	1	cefepime	5	666.6	3.6046203696730688	0.16097037835007805	3.1292846030516537	0.16745950246552974	-1.2080336518746613	0.19306249379797968	0.5607950523075809	0.020879897123271738	0.5500083860455486	0.0176234078641897	0.1466071768920344	0.024436655384693307
ec	se_to_ec	source_pretrained_few_shot	1	cefmetazole	5	488.2	3.3561930457707314	0.09760107197844856	2.6198037952094677	0.06065626348458504	-1.612591159219844	0.06760503423569791	-0.18395788272833358	0.0481329229474489	-0.2140947911351388	0.03185055828950193	0.298653715064758	0.014364378201010457
ec	se_to_ec	source_pretrained_few_shot	1	cefotaxime	5	1098.0	3.9549347630927123	0.10887986276323564	3.3188511600422728	0.10260160647452415	0.2936546078742218	0.026849935752300342	0.6447030310517293	0.020791008350569285	0.6476964503684328	0.016005131528428664	0.12355798421372188	0.0200444777861241
ec	se_to_ec	source_pretrained_few_shot	1	cefoxitin	5	349.4	1.2434618894744027	0.04429854398776967	0.8871597716582229	0.043881983945747466	0.11264713115009424	0.07825275901716738	0.5430391983968124	0.07132283256163695	0.3803300790480738	0.07571359922646657	0.6472282712511939	0.02289131523599411
ec	se_to_ec	source_pretrained_few_shot	1	ceftazidime	5	1197.2	2.8872636632751685	0.06218504273583408	2.2399642209024897	0.08233432199041159	0.03403496856866518	0.13691270966584743	0.6752161403884521	0.009354807575972773	0.679956053318075	0.014191060964086191	0.30604925409424133	0.018639609810029416
ec	se_to_ec	source_pretrained_few_shot	1	ceftriaxone	5	644.0	2.4280805124203204	0.05251521623700699	1.5172575402842914	0.034771262103913805	0.518757657489705	0.0284966953412156	0.7655036418126931	0.009915619947936974	0.7021193154986883	0.009595231012488282	0.5662525879917185	0.010924881428160152
ec	se_to_ec	source_pretrained_few_shot	1	cefuroxime	5	808.6	1.821420154171146	0.06876731353934847	1.400041784421969	0.06081018495170834	-0.2070645366888809	0.028598529375554762	0.20561250224746538	0.02544909528230604	0.1675062729985622	0.025050152107016162	0.4578307367201491	0.02080391131345706
ec	se_to_ec	source_pretrained_few_shot	1	chloramphenicol	5	568.6	1.4893476171255908	0.07917594312899728	1.1203378308454233	0.07369270492486538	-1.2173225358227286	0.2854271772922142	0.23265437965142127	0.036240428424627553	0.24929325895403465	0.035865110802340734	0.5573898281310594	0.03431074833251486
ec	se_to_ec	source_pretrained_few_shot	1	ciprofloxacin	5	1293.4	2.6884264960676902	0.2655348049525635	1.928004148929515	0.127156982710443	0.5359168856543787	0.062226879224421605	0.7800165779307993	0.02028581724623354	0.7663197077787015	0.006323775103406771	0.3596194066811623	0.008381154889063871
ec	se_to_ec	source_pretrained_few_shot	1	imipenem	5	843.8	1.6269055251950177	0.05495274663177329	1.244917418345403	0.06162560027616801	-0.3860383248442799	0.12107748473780026	0.24741993347505292	0.021138648578236878	0.26773593625646025	0.020619601928107065	0.49766828017743	0.023135144341511607
ec	se_to_ec	source_pretrained_few_shot	1	levofloxacin	5	547.6	2.0625770398523287	0.12503693214444087	1.6837439496850592	0.1344036743452422	0.20844373273119574	0.08116051038448885	0.8610492931422243	0.016706805583315974	0.7602758153401672	0.024778999498964796	0.373293389734762	0.04949171345167515
ec	se_to_ec	source_pretrained_few_shot	1	meropenem	5	1076.0	2.4333107105345726	0.055470436619769595	2.166872613344346	0.046929719911150754	-0.33835225206333475	0.030169610308128786	0.20470642403713674	0.04816018212483533	0.17530342374348856	0.03827973526775959	0.08760842627013628	0.02394152579723493
ec	se_to_ec	source_pretrained_few_shot	1	minocycline	5	685.0	2.762623898791652	0.10837349510282561	2.504849547736546	0.09471839121584613	-3.523525219803813	0.5268785397138199	0.4869882465571151	0.02659838993058668	0.4979831806465449	0.02968156257562494	0.11017031630170311	0.004800037098066266
ec	se_to_ec	source_pretrained_few_shot	1	tetracycline	5	411.4	2.052349243774761	0.09786493110358822	1.6758781759307362	0.0753869081527131	0.4974723209519019	0.04529799859657356	0.764491411005389	0.033474769421579606	0.7151403090273767	0.01513391395043018	0.41303947275175396	0.041375000170742325
ec	se_to_ec	source_pretrained_few_shot	1	tigecycline	5	746.8	4.705775401370877	0.09810378294698939	4.531688178851643	0.08564171610239195	-40.83650292667725	2.5109693570031446	0.1640870310421248	0.03383497801037164	0.1988891632606049	0.030408848381257236	0.00169591084026302	0.0010651326216707484
ec	se_to_ec	source_pretrained_few_shot	1	tobramycin	5	603.8	2.0056505458100116	0.0794329773809922	1.6728300863914534	0.0515693638404247	-0.7729671536974054	0.13588996580267826	0.19603995725397086	0.044587842169088274	0.1579553347917852	0.04451764110771064	0.3062912076849014	0.025710926088058028
ec	se_to_ec	source_pretrained_few_shot	5	amikacin	5	848.4	1.510035692016253	0.0760152729036976	1.224975569120302	0.06259493909740488	-1.8478340406385505	0.3432970786816325	0.21117155016288475	0.0353584002735416	0.21332453477535154	0.03169510901679394	0.4703763584238949	0.022245427288473302
ec	se_to_ec	source_pretrained_few_shot	5	ampicillin	5	343.0	2.0368390808090617	0.2773764700392376	1.2648805661150502	0.10910793467622278	0.35973716946277856	0.08432262441042959	0.6222156023106887	0.06945745702306959	0.5643204808018375	0.058611924580637034	0.5558794946550049	0.040983737383789215
ec	se_to_ec	source_pretrained_few_shot	5	aztreonam	5	556.4	1.7525107425067474	0.10986671844857443	1.288900467818269	0.06489600017815693	0.23576291386645298	0.0864334566389656	0.6274260331987394	0.04052788023015182	0.6243510821954467	0.027934009357334193	0.5340198218444993	0.016580360469997328
ec	se_to_ec	source_pretrained_few_shot	5	cefepime	5	666.6	2.2537720300423714	0.049241851184818955	1.8803880513635156	0.05859413520804366	0.14413025227950904	0.04923900131245536	0.5838563995679904	0.03601156538923756	0.5901522365553106	0.03597648564354341	0.30161931046488766	0.039033898710226916
ec	se_to_ec	source_pretrained_few_shot	5	cefmetazole	5	488.2	2.66286671115347	0.11530821534594304	2.2755891708617826	0.09971732451611656	-0.6448900833642665	0.09267979680517226	-0.1781191656576924	0.05211848415575869	-0.21697454305589942	0.0347630059957887	0.19637517181266548	0.012006241199195355
ec	se_to_ec	source_pretrained_few_shot	5	cefotaxime	5	1098.0	3.6039564848184638	0.10900974665519189	2.9436962623477125	0.09220316294208093	0.4135308412887011	0.018810813092622402	0.7200430669448714	0.014452722821690777	0.7019865890811541	0.018021564448786834	0.17686703096539158	0.021333648733074174
ec	se_to_ec	source_pretrained_few_shot	5	cefoxitin	5	349.4	1.1777835692832843	0.04717019571928009	0.8567642799203206	0.03976015588709566	0.20393303323878448	0.0803272229782215	0.5458375805804292	0.06720108953001563	0.3844673547144136	0.06203762156478949	0.6609654796015827	0.018405895216368665
ec	se_to_ec	source_pretrained_few_shot	5	ceftazidime	5	1197.2	2.6142332296764965	0.0788803566297563	1.974382656868419	0.024353500304178106	0.2136732020632946	0.046840069659269123	0.6826502746259923	0.011086108571042336	0.6993020323117702	0.011618818928934507	0.3510404187058259	0.014314019269355067
ec	se_to_ec	source_pretrained_few_shot	5	ceftriaxone	5	644.0	2.3055668370486258	0.056124815037481665	1.646956194676536	0.01227740715478345	0.5659450731046444	0.025693290665410682	0.7760020052931536	0.011724032715045372	0.7092608607350666	0.01112694981646967	0.38281573498964805	0.020821997739116783
ec	se_to_ec	source_pretrained_few_shot	5	cefuroxime	5	808.6	1.738464996176988	0.05017545408403694	1.3677400069941168	0.05167809341091253	-0.10046961799592373	0.05244464906437486	0.23372120526929058	0.037066677490154486	0.1754565102805549	0.03982165264377528	0.4423290783960967	0.023380584843468895
ec	se_to_ec	source_pretrained_few_shot	5	chloramphenicol	5	568.6	0.9713183662447374	0.03556446288250936	0.6864563791576996	0.02996858256984257	0.06431355763707247	0.0683523602151852	0.4098622241891333	0.04180304560897409	0.31037816752358294	0.044226108752815484	0.8147402575971352	0.015164671632994198
ec	se_to_ec	source_pretrained_few_shot	5	ciprofloxacin	5	1293.4	2.4665850143798016	0.18208152905805652	1.7003669091152926	0.06568073387837403	0.6103765197396294	0.03224606326814966	0.7867076546568624	0.016036914597025675	0.7688410940711943	0.003643486452503677	0.42833331938751557	0.03243856793030068
ec	se_to_ec	source_pretrained_few_shot	5	imipenem	5	843.8	1.5608574259963182	0.031108934268113928	1.1009549007794395	0.017933056709745303	-0.25934795252569426	0.053683656935261975	0.06307075017750115	0.0355828502371502	0.03615585579429306	0.04096793121355899	0.6127032583172639	0.00827879942617979
ec	se_to_ec	source_pretrained_few_shot	5	levofloxacin	5	547.6	1.128396518897342	0.023053408897432626	0.8026643394862883	0.03315325537333893	0.7646475396735231	0.014102027959459714	0.8816256937396796	0.007547370945891084	0.7606949278826881	0.027014695721244153	0.7163446269632634	0.028338085129335697
ec	se_to_ec	source_pretrained_few_shot	5	meropenem	5	1076.0	2.0449573452913423	0.03646629880127747	1.604153238512031	0.0469306206114306	0.055684204963418825	0.03238991924125696	0.2691027049451818	0.04939489404615076	0.23726645975702737	0.054955897594288636	0.39628252788104085	0.041780465374633834
ec	se_to_ec	source_pretrained_few_shot	5	minocycline	5	685.0	1.6915995052787998	0.04086624977153924	1.4833994249125755	0.036662567309384456	-0.7017398269152889	0.24354284263169362	0.4932668828768281	0.0379119134517852	0.46518965695012804	0.03399716662121801	0.26676399026763986	0.0618650160260857
ec	se_to_ec	source_pretrained_few_shot	5	tetracycline	5	411.4	2.3344857177155935	0.2162023395735597	1.7140371470397138	0.14923521801719156	0.34878119062134294	0.10228902406874998	0.689278823898257	0.044867249371585156	0.7130419852793738	0.018761449292537757	0.4297616516665485	0.0311040101564139
ec	se_to_ec	source_pretrained_few_shot	5	tigecycline	5	746.8	2.841482949019991	0.02922180714622761	2.7041225553851973	0.027805644165764424	-14.295538461654605	0.9271519800595934	0.17326283833983416	0.03111835079511879	0.20071343185199889	0.023622249195226472	0.05213454353607454	0.0050758979773292915
ec	se_to_ec	source_pretrained_few_shot	5	tobramycin	5	603.8	1.5739530247872122	0.057481482890021134	1.2685963658255177	0.046249255377371006	-0.08881306035661415	0.06432970793788344	0.2894696998557265	0.05881340486095566	0.2558388154032778	0.054882815155529265	0.45678341185902716	0.027454582151802683
ec	se_to_ec	source_pretrained_few_shot	10	amikacin	5	848.4	1.2874799191884299	0.06423001680847717	1.0273357507067182	0.051419173266163354	-1.071436202993714	0.24531192013499475	0.23127137036546067	0.036490160898266184	0.22869591898010483	0.025201169747484695	0.5844770206902683	0.029290933358052752
ec	se_to_ec	source_pretrained_few_shot	10	ampicillin	5	343.0	1.9833454311226866	0.2664295807852111	1.2473914266906978	0.10418593606851755	0.39354770792855653	0.07325731541471756	0.6349594251148986	0.06250445228813557	0.5658057205630603	0.05332197007528615	0.5593780369290574	0.051650969473892576
ec	se_to_ec	source_pretrained_few_shot	10	aztreonam	5	556.4	1.6156379364542321	0.10858272128311472	1.2100961946007553	0.06046289923280752	0.34993401698119175	0.07727686966428207	0.6435836039230822	0.04225046758720176	0.643044284393604	0.031181990328736763	0.5398893093783501	0.01864417345023053
ec	se_to_ec	source_pretrained_few_shot	10	cefepime	5	666.6	2.0608965723749018	0.05589352146607344	1.6180239043732718	0.05063669967911532	0.28500599663054166	0.045498430421242964	0.594896915620849	0.04013023804185284	0.6026302689435447	0.0372326476365115	0.3699312505909207	0.017297318055594695
ec	se_to_ec	source_pretrained_few_shot	10	cefmetazole	5	488.2	2.514731203299073	0.1105837368036732	2.135755036321471	0.0969669381683363	-0.46661937767085676	0.07717141343767402	-0.18143427546786525	0.05033476369998318	-0.21291354599582343	0.031772992063781966	0.22082481254260392	0.019902414892241573
ec	se_to_ec	source_pretrained_few_shot	10	cefotaxime	5	1098.0	3.3989038466325185	0.11096908385341032	2.686088942903313	0.08577900165554368	0.47817970791079034	0.018091462520274215	0.745645981764089	0.013255700726669139	0.725801990567877	0.0172123562720164	0.2317547055251973	0.029153857587829655
ec	se_to_ec	source_pretrained_few_shot	10	cefoxitin	5	349.4	1.1447596955383648	0.049171275252778236	0.8379231740322002	0.035750619643401524	0.24820473516645264	0.07789730638638731	0.5524430583400296	0.06565561717943774	0.39304957981887917	0.07052312025111686	0.6771870650839132	0.02334664897850868
ec	se_to_ec	source_pretrained_few_shot	10	ceftazidime	5	1197.2	2.383714375253128	0.10032665311749338	1.7929201100375394	0.04094339486712985	0.34648194536863336	0.04493056620919759	0.6980423480719148	0.01707150546048607	0.7129152438856111	0.0163631306485218	0.3595622798416928	0.027195642560291385
ec	se_to_ec	source_pretrained_few_shot	10	ceftriaxone	5	644.0	2.2099283385937722	0.044208619078651874	1.5866144454889537	0.01946767414080858	0.601086547577215	0.021682899671244035	0.8024948423494843	0.008823319174120544	0.7323793961730287	0.01182657949474204	0.4014492753623188	0.023039231982052235
ec	se_to_ec	source_pretrained_few_shot	10	cefuroxime	5	808.6	1.6983327885752946	0.03503779620508866	1.3403658815890587	0.046592339089544736	-0.0503773814169977	0.05596049755752414	0.23742890633000555	0.03384062586762211	0.18174410247373615	0.039095091160359544	0.4424935849580013	0.021834992079939154
ec	se_to_ec	source_pretrained_few_shot	10	chloramphenicol	5	568.6	0.9191771012496565	0.037384854579729586	0.6291937035325189	0.034944665859421874	0.16333674351422647	0.05236287461843144	0.4627385118280486	0.03273992055821256	0.3558591109159616	0.04019751117590739	0.8587033919981517	0.020041339398872572
ec	se_to_ec	source_pretrained_few_shot	10	ciprofloxacin	5	1293.4	2.3940807772551262	0.18079135249965458	1.652689202061009	0.044377787647931495	0.6330726667237131	0.02967831492216358	0.7998972505458186	0.01617878502878316	0.7762199634039122	0.00527703439436326	0.41173440947231815	0.011972882392077416
ec	se_to_ec	source_pretrained_few_shot	10	imipenem	5	843.8	1.497314335057712	0.04071096107215576	1.0159123221468822	0.023670272608677215	-0.15771396112981592	0.03369308329175037	-0.00449023866662568	0.019748780431697713	-0.05535625274829501	0.029307141440488318	0.6256581943296622	0.01199433895517879
ec	se_to_ec	source_pretrained_few_shot	10	levofloxacin	5	547.6	1.0832500870883874	0.018768863922781473	0.7384222970969752	0.019774842417558697	0.783445156768553	0.0066735478968030035	0.8902386743412155	0.0034551752032888927	0.7583147288106209	0.02426341854082094	0.7768498378681328	0.011546563585802805
ec	se_to_ec	source_pretrained_few_shot	10	meropenem	5	1076.0	2.052915540536199	0.04349469637762457	1.5289525801512094	0.03618723035475847	0.04895248409089089	0.01639885474849776	0.240337648471015	0.03330628079886837	0.19557532089954793	0.032624013445323355	0.4405824039653036	0.05423233860626774
ec	se_to_ec	source_pretrained_few_shot	10	minocycline	5	685.0	1.3468037527984777	0.03305188954495429	1.1218357790009528	0.029624320183828635	-0.07583045452234154	0.1227806346944898	0.5526993749351201	0.028961522957604575	0.5131659319774374	0.03385385481500682	0.5257420924574209	0.01787485114995536
ec	se_to_ec	source_pretrained_few_shot	10	tetracycline	5	411.4	2.021707408912748	0.1502612040501599	1.4368877056917833	0.11280763454166952	0.5113972250311946	0.05842837672766446	0.7657661355477358	0.020040921829174288	0.7545039610688721	0.008342963487783144	0.4715639493224356	0.03243524463613792
ec	se_to_ec	source_pretrained_few_shot	10	tigecycline	5	746.8	1.5963271542782054	0.04113282787687206	1.4683624312412438	0.04408621025100451	-3.8249272366966	0.4408281460033848	0.12844209148568397	0.024335083224315456	0.1692564369904604	0.019406405668318267	0.20916528790168115	0.02406873396956853
ec	se_to_ec	source_pretrained_few_shot	10	tobramycin	5	603.8	1.4513598416093991	0.0521056253045588	1.1579299893510278	0.04727272459107351	0.07422423149656286	0.06183611700464921	0.33652096290246564	0.06801930514920977	0.2994874564970811	0.056174717985496954	0.46473171303160427	0.02197898350755399
kp		target_only_scratch	1	amikacin	5	763.2	1.7217683582567336	0.08560365382414198	1.3239872991761272	0.06161759701546707	0.05702540207112565	0.0866413354780779	0.39333814966151703	0.04043258975169954	0.42545416214796283	0.020349535757525322	0.47747112870797964	0.031216279427528526
kp		target_only_scratch	1	aztreonam	5	658.2	1.6021475664810283	0.07887889603555157	1.1220100659052654	0.07131010965028041	0.19525357575611632	0.08377678844304759	0.48271850021753	0.06393558946942055	0.4276814966327572	0.029951341007408733	0.6186607998056679	0.02799962542099852
kp		target_only_scratch	1	cefepime	5	691.6	2.055191911106931	0.07278338968571532	1.5594768410190203	0.16248898176425444	0.05830288877118568	0.08652532096708489	0.3776729701771678	0.051125250444829975	0.32936871557590774	0.03991187628240134	0.4431603411882475	0.12793261469028008
kp		target_only_scratch	1	cefmetazole	5	158.8	2.7567857581889603	0.09323028938898628	2.3276922710534684	0.15043581434272366	-0.008063895814755681	0.06316401554767316	0.21871645120957434	0.08075808683983503	0.22525259049609758	0.0840157370167484	0.21495103893002146	0.07079665610249315
kp		target_only_scratch	1	cefotaxime	5	419.8	2.4807351314707207	0.14328843777012837	1.8550426561526152	0.07503037732787837	0.05469567011545211	0.06579958204238857	0.3232243676987896	0.0525096814838968	0.015985447913177263	0.06513544581664044	0.3466727279615108	0.03236193241173135
kp		target_only_scratch	1	cefoxitin	5	561.8	1.5797042682289189	0.09805844795030824	1.2607831400442469	0.09640556569641809	0.010656028829219838	0.12679178668290633	0.3743255700129008	0.08922272936035519	0.38934568248684365	0.13211349108452497	0.46471138007667206	0.04416685805502423
kp		target_only_scratch	1	ceftazidime	5	766.8	1.8633017039380513	0.16679547261940608	1.3207758433270445	0.1252673511017538	0.23347610112716505	0.07327854108138207	0.55590887744931	0.038878747931931724	0.4851253334053716	0.05304980502037249	0.5453022468378489	0.03322040799199995
kp		target_only_scratch	1	ceftriaxone	5	574.4	1.892171011485334	0.1469501355339637	1.3336582356537554	0.10189581255604807	0.0854210392851395	0.08544327494104301	0.4267100668927092	0.06510498378968135	0.056856461447060226	0.07679141583280796	0.5394788668383578	0.05709885835229314
kp		target_only_scratch	1	cefuroxime	5	622.0	1.6633811068892903	0.12224716704677897	1.2524885403637207	0.14815496521612245	0.00459803871764475	0.15796782362002565	0.4025369908054069	0.052772740742393354	0.3326794722430124	0.0584472527721436	0.5289389067524116	0.10402921784412845
kp		target_only_scratch	1	ciprofloxacin	5	813.4	1.6592914203145732	0.0763558265373292	1.1415594856913645	0.08672120004586072	0.2427288163232014	0.04916149304915662	0.5223793129227381	0.032401592032801234	0.4773992222884667	0.04648602118345145	0.61758323234338	0.0563495354169351
kp		target_only_scratch	1	imipenem	5	684.6	2.1429942079133144	0.07731160283983977	1.7099334874521268	0.07634672910837113	0.17365424357868026	0.05268667243384441	0.4797393118004047	0.051099739949301885	0.5176838936467778	0.05040312720709018	0.36321480912337617	0.06039898962597218
kp		target_only_scratch	1	levofloxacin	5	596.8	1.5334499367192436	0.0454796927031499	1.2310950705247095	0.07125765388046545	0.3725581282733583	0.04056203583586904	0.64378301782214	0.0182943399989777	0.6123404002177971	0.030713202453586823	0.48816303740926853	0.05883600320018608
kp		target_only_scratch	1	meropenem	5	1063.6	2.7281139129592082	0.06357054109537173	2.3052052283185103	0.040289381712107046	0.25427482375298	0.03922350101019387	0.5583123801533972	0.04757689908030496	0.5592468902305747	0.06001857600303246	0.22250499249063388	0.031024167997155936
kp		target_only_scratch	1	minocycline	5	247.4	1.7492826704352862	0.12572451110584903	1.3885524506116103	0.1208300653106836	-0.2425280034862387	0.17820178947701512	0.16612632522689746	0.08908366386459744	0.18464174082917106	0.08867278714626015	0.4322678594749901	0.07112229377935202
kp		target_only_scratch	1	tetracycline	5	430.2	1.8494223338892541	0.1367901158105903	1.463117897028805	0.09504232187396036	-0.19644744045271237	0.12031361062281958	0.13501177643350917	0.08153090722393495	0.04605245826223633	0.09802176286458536	0.4154625083184949	0.02849101968048884
kp		target_only_scratch	1	tigecycline	5	400.2	1.581915986244653	0.13022477000707608	1.2449161123670502	0.111714672307983	-0.9853382657956817	0.2642986954922329	0.00013417681534307058	0.04987585228490262	0.003926518414457694	0.04154940536485593	0.4916088944305902	0.050651061077132756
kp		target_only_scratch	1	tobramycin	5	607.0	1.5101473266400425	0.08136845589195679	1.2406031962584365	0.11175994565507097	0.20849866193049352	0.09483595771846871	0.5100706372953244	0.061583857838633134	0.48700509046298884	0.06682076935471441	0.4425041186161449	0.077945673495661
kp		target_only_scratch	5	amikacin	5	763.2	1.5791520452659344	0.11122932162850134	1.1517088325166942	0.1109236354242463	0.20757336923512176	0.07875491125766707	0.49704373459413587	0.08136480490100668	0.5178195449360762	0.048997259257995744	0.5730373354010416	0.04291496406220041
kp		target_only_scratch	5	aztreonam	5	658.2	1.554837314208958	0.07108355029895305	1.061335224101418	0.06616897566089522	0.24380431374481099	0.05263416392021986	0.5326023256081441	0.06195934542896522	0.49860522095208937	0.07444383693858045	0.6502668222553284	0.01706743448264104
kp		target_only_scratch	5	cefepime	5	691.6	1.9182160275882745	0.06376172573068903	1.4781640140370298	0.1137832232620599	0.18103522329204227	0.05249187945316401	0.4681683324224485	0.05529037283682235	0.4274614650778217	0.07489492843489304	0.45036165508087744	0.0969503113559367
kp		target_only_scratch	5	cefmetazole	5	158.8	2.517957731451671	0.13836950729135136	2.08512394204022	0.24818813258345962	0.15404116610495974	0.12463510042649446	0.3803413470203454	0.17518619175087682	0.34501708523547836	0.13316113361929943	0.25792001698378575	0.10312125512801384
kp		target_only_scratch	5	cefotaxime	5	419.8	2.307667217375834	0.07603434408853903	1.6911325182217278	0.09225643257144099	0.1794883833637046	0.0618483952003075	0.4406621087206203	0.07662951930671234	0.15700476372191333	0.13327661397074186	0.4100371254309202	0.01951275116036576
kp		target_only_scratch	5	cefoxitin	5	561.8	1.3676230015161874	0.10076196865447995	1.0525393594022598	0.11092005923856606	0.2554581760734157	0.1251173501958444	0.5255299235241933	0.1416060008823216	0.5336009608571851	0.13732571633463808	0.5799341541857765	0.0630567940017665
kp		target_only_scratch	5	ceftazidime	5	766.8	1.7388408535608193	0.18422522927867066	1.1844416112584055	0.1477143273597351	0.3307737444536971	0.10144140335856874	0.6151221849466257	0.06493829473757248	0.5495686077755758	0.06896355124056909	0.6127737627981024	0.04118494817410995
kp		target_only_scratch	5	ceftriaxone	5	574.4	1.715190890963315	0.18724011891576497	1.130989491869017	0.11226499813954383	0.23878198236922282	0.15767262249337216	0.52025953202736	0.14855448663386103	0.2258876030396495	0.22602073465874575	0.6411438670908448	0.02157947457216225
kp		target_only_scratch	5	cefuroxime	5	622.0	1.5559876487143112	0.059381834998996984	1.1289954251926173	0.0624789063149817	0.1327089155259702	0.07454876034832959	0.454636491474396	0.027251137116073843	0.4047004207075385	0.0632061217588636	0.602572347266881	0.02376365563038904
kp		target_only_scratch	5	ciprofloxacin	5	813.4	1.5739165734230909	0.09929994517713849	1.0684742101859244	0.07065466725474219	0.3166037087713808	0.08559411984970364	0.5939880505950091	0.07610122909007418	0.5526569078343646	0.07529498924350775	0.6327459294248963	0.022057988916718188
kp		target_only_scratch	5	imipenem	5	684.6	1.8906814590742003	0.2675917395072382	1.4692292634885569	0.23244233053027566	0.35147001162416597	0.15913398616107374	0.6183720025974648	0.1095039918417365	0.6338473495549205	0.09008431935741729	0.44708527197962467	0.0690768600691762
kp		target_only_scratch	5	levofloxacin	5	596.8	1.4239325578194726	0.12697038189665655	1.0980899673387987	0.16768193929526284	0.4556199020881575	0.10027462939561449	0.714656904040458	0.04989928839600281	0.6880656039871536	0.04163503427844369	0.5588962710644947	0.10154478945602957
kp		target_only_scratch	5	meropenem	5	1063.6	2.5008334450462186	0.2554795446518689	2.0236530746271955	0.3078966645373781	0.36703172391997463	0.13896547019887787	0.6378565739118696	0.07700598426651131	0.6434097609647794	0.07291292490256832	0.2963538903703284	0.07175592496735245
kp		target_only_scratch	5	minocycline	5	247.4	1.617374424334244	0.10409588747143181	1.2839441673243812	0.09902814923012229	-0.06012208699711234	0.128361120593773	0.23983229655084645	0.1386946849802726	0.24045235005482163	0.1086341044569875	0.46625092507944804	0.055457148074831576
kp		target_only_scratch	5	tetracycline	5	430.2	1.657955680933218	0.20476534465363236	1.272698524140178	0.18538384926422347	0.03491863234928229	0.1786353145776347	0.2684068571636008	0.21932470392896852	0.2272726663461074	0.2538795733616642	0.5040015108185398	0.08031155110415404
kp		target_only_scratch	5	tigecycline	5	400.2	1.3561117774493143	0.134622554362257	1.0581563094494713	0.10575686340902161	-0.45321665225784924	0.21789333255292823	0.06076988935529938	0.11479190552496443	0.058300242690398685	0.10040683328656509	0.5598969243557773	0.04862696685125757
kp		target_only_scratch	5	tobramycin	5	607.0	1.3825716815638665	0.05254275954447203	1.0865167620612788	0.10363264980618866	0.3376189143648613	0.05864069064599765	0.5987130207146305	0.056403444038438014	0.6031982263407591	0.06823484035982355	0.5225700164744647	0.08953197457200401
kp		target_only_scratch	10	amikacin	5	763.2	1.398055225383979	0.07740112449409486	0.9758054834783738	0.04004353246966047	0.3790546663363524	0.05034207353422122	0.6299535854045052	0.02990220267411321	0.6149509866255246	0.03294741426957652	0.6449238218751644	0.01667031149094384
kp		target_only_scratch	10	aztreonam	5	658.2	1.391057959930861	0.05822818241851052	0.9024878987304769	0.0499029680427811	0.39137074741900274	0.07933421290116106	0.6449262207326457	0.05448671077231341	0.611359123484245	0.03315094921198268	0.7105174552951649	0.02383868614343889
kp		target_only_scratch	10	cefepime	5	691.6	1.783898969351538	0.036373060410281835	1.3122731270340418	0.04590427817107206	0.29139684364873614	0.04566923835288835	0.5811884505268737	0.0214363832276844	0.5550038867096154	0.012630458174982772	0.5344116064233512	0.02531699085043494
kp		target_only_scratch	10	cefmetazole	5	158.8	2.142877212258687	0.13259662013093454	1.6120680486631884	0.08343892762133621	0.39201135121207603	0.04231534213463457	0.6374429059740034	0.026001217337223152	0.559428447086282	0.04104304126590532	0.4118913037709312	0.038420385206462335
kp		target_only_scratch	10	cefotaxime	5	419.8	1.9814809783702967	0.16446188268075418	1.3347060392814887	0.061711766748684636	0.39648814384432046	0.06718548917207923	0.6376777693482086	0.04662414959690204	0.5140042558211382	0.04826511703550152	0.5329749592756752	0.03119591857965868
kp		target_only_scratch	10	cefoxitin	5	561.8	1.1743503874362438	0.046675170255602194	0.8610831542337023	0.0376327781774153	0.4549157660830459	0.036430380609188844	0.6923405664980535	0.017484344017011988	0.6812015878817065	0.020262426927728346	0.6698644388198501	0.021544453508782743
kp		target_only_scratch	10	ceftazidime	5	766.8	1.5313934433119603	0.07212446636937445	1.022944588314674	0.051177967542588555	0.4809678567670132	0.034667226733904176	0.706110873461852	0.020221597802819416	0.651559475306865	0.03223370505806631	0.6511120718316363	0.023057024186289316
kp		target_only_scratch	10	ceftriaxone	5	574.4	1.3833201280704783	0.08685550561714667	0.8903114050647162	0.04790061575082757	0.5068315038439772	0.0776933909285623	0.72325450378275	0.05126155323253899	0.5224852736505881	0.08239227081032016	0.7351528556279352	0.01701931105988263
kp		target_only_scratch	10	cefuroxime	5	622.0	1.4070744136566353	0.037834756871967176	0.9848756301824688	0.04248944704988618	0.29157784763646283	0.038867749133427366	0.5586134972690182	0.03083129958548809	0.5214151611893924	0.013104316185138293	0.6488745980707395	0.01296958179939528
kp		target_only_scratch	10	ciprofloxacin	5	813.4	1.4054766802356498	0.049411580678509245	0.9424445718205151	0.036392738595387934	0.4562614485564235	0.037507798485089054	0.6879780787636366	0.03337472858144743	0.6249779718595458	0.044670039814725844	0.684703724187119	0.013013124362636987
kp		target_only_scratch	10	imipenem	5	684.6	1.6505050731853004	0.11048817397812866	1.20513206222116	0.08896629783363032	0.5106584588975613	0.03921052939572154	0.7330396148317735	0.026889191067726633	0.712098606788281	0.028281656266699335	0.5572093453422688	0.026507892462399762
kp		target_only_scratch	10	levofloxacin	5	596.8	1.1365962394297606	0.054412287678759115	0.796214489343372	0.04010794442087449	0.6551182655922547	0.03173969911530938	0.8133123181110037	0.01785467897779643	0.769412615696677	0.02241762562826326	0.7068815366916612	0.017846400999521596
kp		target_only_scratch	10	meropenem	5	1063.6	2.158524498824573	0.05082154359964867	1.5715618236578839	0.019614032425452343	0.5336870424525892	0.012461568513043702	0.7371996697513504	0.006883379978304343	0.7305543179591346	0.008883725515678335	0.4620198780111143	0.02647845098653047
kp		target_only_scratch	10	minocycline	5	247.4	1.3986436493397294	0.09773341152440897	1.100216861231733	0.06959119263804905	0.20886450697929226	0.0918687736612659	0.48519377674083825	0.07252947040111436	0.4427958786911946	0.07436234294299837	0.5481161029123677	0.021111061219623306
kp		target_only_scratch	10	tetracycline	5	430.2	1.4266249080765294	0.07993556738336612	1.0434420293729727	0.060147950092983134	0.28622685772154766	0.08200778790956267	0.5433394954780415	0.07336326725052494	0.5472497152116864	0.06696622099765076	0.606691846975665	0.02685245138877247
kp		target_only_scratch	10	tigecycline	5	400.2	1.187742168909873	0.0731947661969221	0.9261999361036531	0.05550708960075665	-0.11213068843093885	0.09699136571906009	0.22538043721364187	0.07102883555608634	0.22626840371588242	0.07511675329709323	0.6310249376558603	0.026331456875940518
kp		target_only_scratch	10	tobramycin	5	607.0	1.2463129832205317	0.0424957704478886	0.9151621430784971	0.04216943009124902	0.46240376088157814	0.03558582307977015	0.6878599474917473	0.024467211219267385	0.7086826211075422	0.01899606046985532	0.6489840746842395	0.03452962887395516
kp	ec_to_kp	source_pretrained_few_shot	1	amikacin	5	763.2	1.6426035308653297	0.06986167690825507	1.207548369070233	0.045156380148460414	0.14356831587694868	0.02801530173395999	0.44423069824672046	0.038680391362161434	0.3538773469845197	0.03251607492356972	0.5647320785271696	0.013610125367977512
kp	ec_to_kp	source_pretrained_few_shot	1	aztreonam	5	658.2	1.706127379508818	0.03932301372975015	1.2182935368097385	0.030149608571029524	0.08611786931417822	0.0885939000489808	0.36460743681457836	0.07725806905593421	0.2581853234233148	0.054894265438233586	0.5927302274023611	0.017617309935495748
kp	ec_to_kp	source_pretrained_few_shot	1	cefepime	5	691.6	2.07843946608121	0.050794244466676824	1.4955159672921572	0.029254959748414713	0.03654748660421437	0.06501384854085115	0.3476726126504274	0.03128680437821446	0.27457014230990995	0.03799245004952739	0.5098462477936809	0.0344483199801174
kp	ec_to_kp	source_pretrained_few_shot	1	cefmetazole	5	158.8	2.5236321846083727	0.13312855055184583	2.0885126576830024	0.14115631374027365	0.15653694137436125	0.038535791740221696	0.41895276110175705	0.03408928682756947	0.3246336273109902	0.02257289705038053	0.2691054321577368	0.046390482731286174
kp	ec_to_kp	source_pretrained_few_shot	1	cefotaxime	5	419.8	2.555151638529023	0.1364452207941589	1.7673249102219326	0.08105538535723786	-0.004360253521970616	0.04117642688077934	0.4051615150378871	0.0196242046139371	0.2799997114472103	0.03983505636605883	0.40702011592226384	0.02071808158172016
kp	ec_to_kp	source_pretrained_few_shot	1	cefoxitin	5	561.8	1.48679376496231	0.04222625821359305	1.2597742871594193	0.03601204673786024	0.1261910215470954	0.03436203889583954	0.3990818552403682	0.02169468325935365	0.4306114634292134	0.0237912056267216	0.4108425684519467	0.05776161305130963
kp	ec_to_kp	source_pretrained_few_shot	1	ceftazidime	5	766.8	2.1231850103412855	0.09626355940223702	1.596342552449006	0.09096928196572326	0.0018096520722209887	0.062392166330700334	0.4508595358671652	0.027226449464769563	0.40749109797544564	0.03015375716490499	0.43323370585839055	0.028455143670181718
kp	ec_to_kp	source_pretrained_few_shot	1	ceftriaxone	5	574.4	1.919432603532974	0.11689607093580386	1.2160805797393182	0.07048587788266161	0.05341658597560624	0.10855246522751728	0.4450505286912344	0.05048773349539685	0.29114445114690196	0.038373679076476125	0.6877887188809776	0.02975945476393462
kp	ec_to_kp	source_pretrained_few_shot	1	cefuroxime	5	622.0	1.7801162253769156	0.052733756680745904	1.4703074768936264	0.06284840540093921	-0.1360474567463093	0.05730602317144742	0.33272307322971495	0.018736047326834978	0.3621527928929723	0.014672435766215436	0.3564844587352626	0.035050443896071426
kp	ec_to_kp	source_pretrained_few_shot	1	ciprofloxacin	5	813.4	1.8437758017324477	0.048266391806176485	1.4262364624845856	0.050288168176259106	0.06411377453069757	0.03763372270501697	0.5135090537315695	0.015570832584915725	0.5052081426201712	0.024147089194396572	0.42669529643699383	0.025138080849360096
kp	ec_to_kp	source_pretrained_few_shot	1	imipenem	5	684.6	2.353119249989893	0.07308427713624249	1.768284954980928	0.07208401690501788	0.0028784939986038942	0.041048533415836204	0.39614389734166716	0.021397070411585985	0.38792188149282497	0.012097610180039483	0.454560122935075	0.02495331512443446
kp	ec_to_kp	source_pretrained_few_shot	1	levofloxacin	5	596.8	1.4760011726869364	0.007297186341179494	1.1475687632880087	0.012963559674341598	0.4188476056800535	0.021131680563811508	0.6896477741921418	0.01464587122262893	0.618663723614696	0.01223927306240233	0.5297117578946186	0.009795475889579186
kp	ec_to_kp	source_pretrained_few_shot	1	meropenem	5	1063.6	2.8610926441383837	0.06052295202844734	2.3093025431163965	0.061568087576277804	0.18028639188229434	0.0360086885924225	0.47975024072078243	0.028029839656938046	0.4892492561335753	0.029668443442974868	0.30920474988034524	0.011891754311513498
kp	ec_to_kp	source_pretrained_few_shot	1	minocycline	5	247.4	1.6625036443118666	0.07430289475408487	1.2850913983921064	0.06634877969520284	-0.1189309595086296	0.10212120076427209	0.3576989355566916	0.07669136387654743	0.36679517591040717	0.06968995112522433	0.4910093160942057	0.030002915680944514
kp	ec_to_kp	source_pretrained_few_shot	1	tetracycline	5	430.2	1.770293399978043	0.10242573236387813	1.3584598604503575	0.09414283881507567	-0.1078371270428324	0.13724973984410901	0.4322834144112767	0.04389423206589509	0.44507468822686846	0.058319029625041006	0.4752948794043058	0.0456937225796955
kp	ec_to_kp	source_pretrained_few_shot	1	tigecycline	5	400.2	1.6070446111820105	0.08340307520139295	1.330989858527421	0.06747903965782842	-1.032926125408207	0.09131432566976214	-0.030455416751282778	0.03657626223769661	-0.02824361021970957	0.027001726846690135	0.4334655029093931	0.02379831990548674
kp	ec_to_kp	source_pretrained_few_shot	1	tobramycin	5	607.0	1.4447233887135793	0.05796658408482897	1.1346598420871084	0.045115672436730474	0.2738165117580141	0.05750599241042789	0.5783412743825705	0.026463298584452705	0.5748517551623961	0.028151731606396967	0.5420098846787479	0.021015258778860475
kp	ec_to_kp	source_pretrained_few_shot	5	amikacin	5	763.2	1.5298310656493244	0.064270991879514	1.110374246085629	0.04070173884636143	0.2567331128826431	0.03653040533844861	0.5191924390842015	0.03295408370428398	0.4429907735727122	0.026820696204361835	0.6063137152646736	0.020270085007806287
kp	ec_to_kp	source_pretrained_few_shot	5	aztreonam	5	658.2	1.611697663046637	0.04243544545181282	1.1245380757972296	0.0336987239093864	0.18518051697707788	0.07912430223780507	0.44535192924778844	0.07298881879337063	0.34208581907887	0.055538842015827254	0.6246352814202232	0.011125324699137963
kp	ec_to_kp	source_pretrained_few_shot	5	cefepime	5	691.6	1.9632599667828174	0.05428909250408913	1.4177660979479998	0.028322660518218388	0.14101730815195238	0.06249224321705786	0.418098744537631	0.03573427603359162	0.3544932808899236	0.03505732397826949	0.530080250063436	0.029185830183830287
kp	ec_to_kp	source_pretrained_few_shot	5	cefmetazole	5	158.8	2.4442352442341173	0.11841720444580209	2.043172880487989	0.10917791267544819	0.20888037472752075	0.0315398635836644	0.46689780041777806	0.02837010005112643	0.38400485770403425	0.03436714739169357	0.2645171562773664	0.02625932223996151
kp	ec_to_kp	source_pretrained_few_shot	5	cefotaxime	5	419.8	2.3696529077167865	0.14250081679546614	1.679985910629388	0.08717498128505298	0.13830769189968092	0.0364579585070675	0.46395070727949167	0.018844399466391035	0.25871148221028417	0.061117249018011334	0.4020835701026632	0.025792773371663295
kp	ec_to_kp	source_pretrained_few_shot	5	cefoxitin	5	561.8	1.3948772146857245	0.04529223278476937	1.1464473589936768	0.032410896070312674	0.23162564432006275	0.0300097181935519	0.4928342706704477	0.020627512086208524	0.5211484415984386	0.023861117785866238	0.4811971504875	0.013412128471756504
kp	ec_to_kp	source_pretrained_few_shot	5	ceftazidime	5	766.8	1.8821585135867387	0.10281345178414102	1.3529638671788011	0.08357183849099353	0.21740856035532746	0.0241926031536744	0.523387721508593	0.028279591496398995	0.48874583843190794	0.04294276084248903	0.5411223182564512	0.026368483408181424
kp	ec_to_kp	source_pretrained_few_shot	5	ceftriaxone	5	574.4	1.7660575652037522	0.10130583719711167	1.1003370314838488	0.06260520108816758	0.1975725668014197	0.10423919611226976	0.5213761000359373	0.05638825627169098	0.29037269644811065	0.04007201451534956	0.7040375700651417	0.019464834799518008
kp	ec_to_kp	source_pretrained_few_shot	5	cefuroxime	5	622.0	1.6058865018513024	0.03992396200126782	1.2919198994340109	0.05808451043587227	0.07750863517756965	0.03779463728243892	0.381788373470408	0.014300973266253543	0.40176531844583085	0.015553116931102375	0.4743837084673097	0.04625800503967735
kp	ec_to_kp	source_pretrained_few_shot	5	ciprofloxacin	5	813.4	1.703455935896132	0.05330480653110177	1.2973249060238201	0.07804121552020356	0.20122450124515945	0.042192470219222296	0.567604078078338	0.015948143347842458	0.5452725452751357	0.026601822177968068	0.4699044901996931	0.05420671603471551
kp	ec_to_kp	source_pretrained_few_shot	5	imipenem	5	684.6	1.9648877077229365	0.11098815288981184	1.5031697838611717	0.08496398368900197	0.30663504037281153	0.039375242795073664	0.5773710238042955	0.030058113650723	0.5631455904048458	0.03855329267880298	0.44279478095075475	0.0316562751889507
kp	ec_to_kp	source_pretrained_few_shot	5	levofloxacin	5	596.8	1.3664928260172804	0.021537540471123776	1.0576444186555658	0.012385948882293158	0.5016555840144404	0.022187745128963043	0.7327741139129225	0.012628564771246086	0.6628604934429138	0.012408173346923795	0.5856849497300074	0.010755145087120707
kp	ec_to_kp	source_pretrained_few_shot	5	meropenem	5	1063.6	2.579538280567196	0.06831983426453109	2.0627593899889023	0.07017549326537423	0.3337282005263065	0.0252094994842933	0.5938542065770157	0.02865612279600859	0.6024406996061711	0.03073712166736424	0.3261963115691392	0.021299469916982505
kp	ec_to_kp	source_pretrained_few_shot	5	minocycline	5	247.4	1.5406286108419722	0.07089530021107093	1.1847291821455057	0.07052152403054786	0.040182327091836424	0.08008022291427178	0.37508212114633227	0.07645139613960236	0.3724507825379418	0.07294948838723721	0.5174132601976404	0.03661443348796516
kp	ec_to_kp	source_pretrained_few_shot	5	tetracycline	5	430.2	1.5693484886661109	0.05742635064933177	1.1990202842570434	0.058054787590465694	0.13586523551453053	0.066604378121765	0.4711502847697123	0.03780093790071965	0.4867235909939942	0.05348326017947011	0.5383571646972067	0.034105329352181746
kp	ec_to_kp	source_pretrained_few_shot	5	tigecycline	5	400.2	1.3837484855541535	0.10259876344885902	1.1257239376749046	0.08628232059380637	-0.5028590954379777	0.05268881373988572	-0.022013171081069483	0.04477384073635626	-0.027001892079717843	0.03595904716853583	0.5437510390689941	0.04321963096747777
kp	ec_to_kp	source_pretrained_few_shot	5	tobramycin	5	607.0	1.361892041536012	0.03534246028370394	1.057940601664281	0.025706077482592	0.3561936068972057	0.03987774759961105	0.6243173285471915	0.02456933319840559	0.6303218496349084	0.02459079512488619	0.5676002196595277	0.009210324259739399
kp	ec_to_kp	source_pretrained_few_shot	10	amikacin	5	763.2	1.4900116608811336	0.058509177616036426	1.07145222345402	0.040838213243847676	0.2950172459904929	0.03118146475312874	0.5499309043547671	0.02838866059757133	0.48825135543422027	0.02300852476025032	0.6151361279417382	0.018387699594565623
kp	ec_to_kp	source_pretrained_few_shot	10	aztreonam	5	658.2	1.5572286909466189	0.03502394056575504	1.0769447156954348	0.031333259324277954	0.23929763086150455	0.0736787568262164	0.49482421565917534	0.06820869543375249	0.3933015466137155	0.0538647882663811	0.6377028840787599	0.01362136281303644
kp	ec_to_kp	source_pretrained_few_shot	10	cefepime	5	691.6	1.9035681315899928	0.047493661674150325	1.3857932099967436	0.03340998430713747	0.19329931837617512	0.04862457072600345	0.4599150604044027	0.037347565697562014	0.3967772670727355	0.030416774440590384	0.5268026289006187	0.0346901014949702
kp	ec_to_kp	source_pretrained_few_shot	10	cefmetazole	5	158.8	2.406855913700242	0.11602943746250066	1.9939519156404124	0.10390551905297749	0.233023820910836	0.027038671224146712	0.4981393910110309	0.015056900174182113	0.42209760491022036	0.032365133012792986	0.27204309635644713	0.028942964661279897
kp	ec_to_kp	source_pretrained_few_shot	10	cefotaxime	5	419.8	2.235129074275144	0.1389103622931035	1.5982133018011175	0.08571557938254805	0.2335892324885313	0.028908812449364014	0.5234650023954565	0.010789977264166067	0.29485165692743476	0.053526180637287694	0.41368299427965294	0.02014943281204731
kp	ec_to_kp	source_pretrained_few_shot	10	cefoxitin	5	561.8	1.3500247060911197	0.041198969448639315	1.1084516039623094	0.03128038866684357	0.28032162490563883	0.022626014371941932	0.5389107877794401	0.017513904707382226	0.5554809483111394	0.018771661457513897	0.4904519340357732	0.01563808382506492
kp	ec_to_kp	source_pretrained_few_shot	10	ceftazidime	5	766.8	1.7959512484839508	0.10170961464987224	1.2814289400576206	0.08105054603160795	0.2877135610732472	0.021722717093978727	0.5675650436069812	0.02442338082178026	0.5280686742820732	0.03413511370758895	0.5658156347053104	0.02159762959946642
kp	ec_to_kp	source_pretrained_few_shot	10	ceftriaxone	5	574.4	1.6559484505395763	0.07411781427068298	1.0308453468520709	0.04206767716947207	0.29466221218897326	0.08672836827512179	0.581122400569621	0.054880589116047956	0.32213978056106085	0.045179892068140805	0.7158794122102712	0.01601211189539119
kp	ec_to_kp	source_pretrained_few_shot	10	cefuroxime	5	622.0	1.5543946055708102	0.031141891806670756	1.2372379275635763	0.04251891544612161	0.135900826194786	0.02972664510870103	0.4193830445624779	0.018562977332796014	0.43135152065811777	0.019873979162898705	0.5113612004287245	0.0363200166270373
kp	ec_to_kp	source_pretrained_few_shot	10	ciprofloxacin	5	813.4	1.6122855702979109	0.06012942687034289	1.2128694022801114	0.08252664928001166	0.28415644887195396	0.046307123391513626	0.608083316225006	0.016718587961637683	0.5698969147818825	0.029818850886425365	0.522852842779042	0.05219115895964689
kp	ec_to_kp	source_pretrained_few_shot	10	imipenem	5	684.6	1.8480468916234358	0.11256067238117123	1.3869611222762057	0.08276149606284872	0.3866807089552436	0.03934904373981831	0.631904666276921	0.029462126620854498	0.6178469299377206	0.04106771855947496	0.4917753020019635	0.03862012820507842
kp	ec_to_kp	source_pretrained_few_shot	10	levofloxacin	5	596.8	1.2914240969977526	0.032544882412693404	0.9891436391013453	0.019507033932790664	0.5548592286177244	0.02496865650944571	0.7622637133947799	0.015486904444182537	0.6960774268830845	0.0117039657993264	0.6267905523141434	0.012510136929720814
kp	ec_to_kp	source_pretrained_few_shot	10	meropenem	5	1063.6	2.468613111483683	0.06559432107004531	1.9525761315747587	0.06542960031796138	0.38994151223427004	0.022340125586227784	0.6411103468584741	0.02080442833137234	0.6498133282063833	0.021474446192438976	0.352521001468865	0.018871944175289018
kp	ec_to_kp	source_pretrained_few_shot	10	minocycline	5	247.4	1.5119175500141626	0.08056728471730665	1.160307166161649	0.08062180215850602	0.0758499643921238	0.08437150229124206	0.3898638489297688	0.07903088595659984	0.3842143487350924	0.07675045594714697	0.5276620521527142	0.04081341247671909
kp	ec_to_kp	source_pretrained_few_shot	10	tetracycline	5	430.2	1.5013687854881161	0.05509827069670921	1.1374891090226684	0.05458341943078056	0.20972121418984066	0.05903690840208023	0.5039781240105161	0.03694938005237019	0.5220848063279779	0.04808018383296574	0.5660990305581035	0.028697660791056706
kp	ec_to_kp	source_pretrained_few_shot	10	tigecycline	5	400.2	1.3612000639118844	0.07362337129292691	1.1034658437890938	0.058953991269670665	-0.45706426822826557	0.02876848806266998	-0.009442309538363409	0.041490947788275355	-0.017228660434915714	0.03706561021508103	0.5425773067331672	0.03600696288954251
kp	ec_to_kp	source_pretrained_few_shot	10	tobramycin	5	607.0	1.2889512418429299	0.027269947814002084	0.9976613712484269	0.026524027602510106	0.42407190673744105	0.035887189453030266	0.6633643449659389	0.023851709900673684	0.6687499864663049	0.020579083658713932	0.6018671059857221	0.013799925176418494
kp	se_plus_ec_to_kp	source_pretrained_few_shot	1	amikacin	5	763.2	1.7292981920114514	0.06969697587310955	1.2636902044941674	0.045782593110240515	0.050201608720796306	0.01685438191033177	0.34871193612174245	0.021045403329681946	0.31003994838642746	0.02381931979175628	0.5576586405732857	0.014750889492196379
kp	se_plus_ec_to_kp	source_pretrained_few_shot	1	aztreonam	5	658.2	1.6459810025596986	0.022388273954830114	1.1671830794774787	0.028228840139081803	0.1485364518214239	0.09762076037784004	0.4440996407449279	0.06680664587412669	0.3390660190076017	0.05560161580716571	0.6015394360372245	0.01931590293063124
kp	se_plus_ec_to_kp	source_pretrained_few_shot	1	cefepime	5	691.6	2.0880042311277527	0.0534659627661371	1.5340489168185318	0.04996177158658653	0.028613250952081882	0.07472780563417351	0.37410408269381656	0.04657263439110258	0.2702277862761218	0.04732175237828578	0.4757237981312164	0.026041298232534187
kp	se_plus_ec_to_kp	source_pretrained_few_shot	1	cefmetazole	5	158.8	2.561031718897073	0.12900395395128345	2.161826258064205	0.14224350550258488	0.13057384049502127	0.052660172756964045	0.38590562216989843	0.05480678920978573	0.30877165046158195	0.056208620355039915	0.23807287105591374	0.04239235493060255
kp	se_plus_ec_to_kp	source_pretrained_few_shot	1	cefotaxime	5	419.8	2.5516871441943785	0.10747894037007442	1.8733167352024211	0.09862520547392388	-0.0011202309842174127	0.02984076091973594	0.508470644140832	0.013560336723441108	0.24111963083607663	0.03217237158851568	0.34952608250937606	0.028771312916778886
kp	se_plus_ec_to_kp	source_pretrained_few_shot	1	cefoxitin	5	561.8	1.7761706960348547	0.07074671087221862	1.4531119090048072	0.059839114540464845	-0.2518999788805105	0.11700130011363681	0.27433660752164657	0.030902785755179588	0.29541130114663555	0.033938962886804244	0.36525798068607357	0.028766089499437892
kp	se_plus_ec_to_kp	source_pretrained_few_shot	1	ceftazidime	5	766.8	2.1133784898181407	0.10660361189428767	1.5200091726172098	0.07661271759841978	0.007924763253274753	0.09414746415580784	0.49132743931142037	0.03463375714220015	0.417220399551541	0.03434882116135542	0.4982599233163468	0.017400620770310085
kp	se_plus_ec_to_kp	source_pretrained_few_shot	1	ceftriaxone	5	574.4	1.988622115165602	0.06198343746044746	1.2975565900139747	0.028064524901052514	-0.026186313090640158	0.20532787342389042	0.5592776425797213	0.055354006984863605	0.20047560079770052	0.05785778464773847	0.5998226531333637	0.028986047991062625
kp	se_plus_ec_to_kp	source_pretrained_few_shot	1	cefuroxime	5	622.0	1.744660224298952	0.04835859821318622	1.4706382759769885	0.049963734422406016	-0.0914910481808381	0.045494689103350354	0.3563524833732673	0.02122990264294383	0.3820684464107925	0.021134514794728228	0.3381564844587352	0.03490182175740922
kp	se_plus_ec_to_kp	source_pretrained_few_shot	1	ciprofloxacin	5	813.4	2.1372246419444094	0.08545600948354581	1.6624304645318595	0.07327194477533969	-0.25993247521249596	0.0965459693326967	0.571169822872758	0.02199377970414542	0.5247917022604895	0.01898100546350461	0.3731717292602902	0.025875991615110686
kp	se_plus_ec_to_kp	source_pretrained_few_shot	1	imipenem	5	684.6	2.463258571416734	0.07840563912737052	1.8234538615600162	0.06543677508042069	-0.09395388304112848	0.05232362525843169	0.3476873053596242	0.03345414636139634	0.3612761844449287	0.021707333617560776	0.4580755823053172	0.01151291437856086
kp	se_plus_ec_to_kp	source_pretrained_few_shot	1	levofloxacin	5	596.8	1.359843025177167	0.043248568101939444	1.0098928249944599	0.03376821221357584	0.5066506866526941	0.030954213297506108	0.729152859552464	0.01935865741825351	0.6580374251189121	0.018093181570802325	0.6305725120756654	0.028579211294408116
kp	se_plus_ec_to_kp	source_pretrained_few_shot	1	meropenem	5	1063.6	3.1490525539880143	0.049648499289245356	2.486018226459625	0.037546282143681046	0.004281681983915471	0.04033980325504107	0.4505733152655865	0.01054555514313116	0.4606575602443391	0.011987529257545594	0.2969816945939637	0.013168217330462164
kp	se_plus_ec_to_kp	source_pretrained_few_shot	1	minocycline	5	247.4	1.600372590987004	0.06757000318139221	1.2199107929276038	0.06633307060055359	-0.03788173170888358	0.08471193052519989	0.3903659265664419	0.0509078070818892	0.40476490923965736	0.059855628942304034	0.5168799791040878	0.02412169178007845
kp	se_plus_ec_to_kp	source_pretrained_few_shot	1	tetracycline	5	430.2	1.6249843161940603	0.05786341340027632	1.3015868668214101	0.0669388075870987	0.07356085695795446	0.07938025271105749	0.5253008073645681	0.021391577114477648	0.5292123083110678	0.03480305356258911	0.45824097555711435	0.03359669459968974
kp	se_plus_ec_to_kp	source_pretrained_few_shot	1	tigecycline	5	400.2	1.613071451302242	0.08258465266749779	1.3387599977427107	0.06433665120762912	-1.0543949137301563	0.07166039446153655	-0.0166246873070512	0.052757411310121474	-0.015353090616873514	0.04908238428729253	0.40964796342477144	0.033342886462920024
kp	se_plus_ec_to_kp	source_pretrained_few_shot	1	tobramycin	5	607.0	1.4967643979579024	0.06185056893138369	1.1535737319496029	0.043651067033645456	0.223978471632219	0.06052075337499729	0.5720792792953953	0.031313417008549824	0.5610770967138293	0.032545020580737195	0.5466227347611202	0.021566242460556252
kp	se_plus_ec_to_kp	source_pretrained_few_shot	5	amikacin	5	763.2	1.5765935102381488	0.06513293430029449	1.151449909876756	0.04488693405166451	0.2111530120350821	0.019581502425915207	0.4779028997498761	0.019474748153167302	0.45309085229356977	0.020504365120612784	0.5711132687860677	0.025985758341540547
kp	se_plus_ec_to_kp	source_pretrained_few_shot	5	aztreonam	5	658.2	1.5547753483231035	0.0280866362818613	1.0943235986026933	0.03065999664712189	0.24117933305394246	0.07797171247619158	0.5016510657069538	0.06690845864066366	0.3928569386114363	0.055907512586889925	0.6377033453099704	0.01645223187450606
kp	se_plus_ec_to_kp	source_pretrained_few_shot	5	cefepime	5	691.6	1.9492074752284423	0.07174057261539478	1.438404344722547	0.03560447048203868	0.15300045537343093	0.0823276549511667	0.4335213471539122	0.046773681020372375	0.3370126804005257	0.04281582447885198	0.4989422216273642	0.03282592563457199
kp	se_plus_ec_to_kp	source_pretrained_few_shot	5	cefmetazole	5	158.8	2.458917410912447	0.12556743968303724	2.081241433098891	0.1250374262880639	0.19862212770986906	0.05285057139793161	0.45798509473764987	0.053247866180261824	0.37831323638997494	0.059486769307241415	0.23888225459756388	0.0353369455126024
kp	se_plus_ec_to_kp	source_pretrained_few_shot	5	cefotaxime	5	419.8	2.2573407146838598	0.1341834981964947	1.6415536665837696	0.1073062404037194	0.2171718338272238	0.03677312046715	0.5541995515279433	0.02346237624992355	0.2851658786035096	0.05029601983455556	0.39429442739705267	0.043319260402065365
kp	se_plus_ec_to_kp	source_pretrained_few_shot	5	cefoxitin	5	561.8	1.5259965155379522	0.03205533781675179	1.2519033918344982	0.029014891181171835	0.07947326644878101	0.02933621642327415	0.37595614614832823	0.020068004886818043	0.41312942636138555	0.02425531618499264	0.43942819444180137	0.025960233759436825
kp	se_plus_ec_to_kp	source_pretrained_few_shot	5	ceftazidime	5	766.8	1.8209166900929206	0.08406010530033475	1.296259639576861	0.07230661643731762	0.26598465105770835	0.04297812964251865	0.5612162390714748	0.025488782961943967	0.47580907564048786	0.030335829551322076	0.5600804735822659	0.018401795486219175
kp	se_plus_ec_to_kp	source_pretrained_few_shot	5	ceftriaxone	5	574.4	1.7544305303315813	0.06912033738640298	1.113559675148474	0.03464795095793668	0.19985093334806178	0.16945843865786836	0.5949300690120782	0.06585535390337238	0.2389510538687351	0.06048514550048178	0.6844278139675807	0.009488844337382693
kp	se_plus_ec_to_kp	source_pretrained_few_shot	5	cefuroxime	5	622.0	1.5626441608422932	0.03850036444563035	1.2406590980221093	0.054437160510261734	0.12640026715362354	0.031068730072883154	0.42313510049089553	0.016468179412068674	0.43407736246000683	0.024839994750337754	0.5042872454448016	0.04514349343762633
kp	se_plus_ec_to_kp	source_pretrained_few_shot	5	ciprofloxacin	5	813.4	1.8686818310772295	0.08808701704548899	1.442614511724042	0.09370946131206188	0.035963257611997666	0.08003004410317496	0.6047222195776211	0.02505503365642436	0.5611912171075318	0.023645122055405494	0.43031451444735574	0.051669291036737355
kp	se_plus_ec_to_kp	source_pretrained_few_shot	5	imipenem	5	684.6	2.0148311301251747	0.1066853995791372	1.5740075707720977	0.06947654615751031	0.26981358268615235	0.04074689085997605	0.543774432000766	0.028287850807677383	0.5451411170950647	0.0259619728494048	0.4117350350734907	0.025841578908559072
kp	se_plus_ec_to_kp	source_pretrained_few_shot	5	levofloxacin	5	596.8	1.2633806027351764	0.044018712584169305	0.9296832601232587	0.024735445663774093	0.5740832673640495	0.030675893093551388	0.7671636562686237	0.0192058756843116	0.6891584944052376	0.0222340012364109	0.6639862249352654	0.0071218352580609745
kp	se_plus_ec_to_kp	source_pretrained_few_shot	5	meropenem	5	1063.6	2.656044422124199	0.044842223200757286	2.1199095670780626	0.04588519329099491	0.2932780465907191	0.02518367113901646	0.5803038485727096	0.020396014339561085	0.5888725092472985	0.0211337085944803	0.3308302506029891	0.014479813788630162
kp	se_plus_ec_to_kp	source_pretrained_few_shot	5	minocycline	5	247.4	1.5119511439701023	0.07208695496897417	1.1641239152727025	0.067461427714745	0.07568814940427186	0.0752398697322507	0.4033269140733314	0.04837005071277167	0.41756849648009053	0.05713753716866721	0.5263081711723476	0.034511797739944665
kp	se_plus_ec_to_kp	source_pretrained_few_shot	5	tetracycline	5	430.2	1.510773461450364	0.04980657469031929	1.1882836844516351	0.05195340172347315	0.20107531353574898	0.04312284161377051	0.5332013522579754	0.024542757692864042	0.545962817560847	0.03978144415647625	0.5031903451500926	0.036840794361449374
kp	se_plus_ec_to_kp	source_pretrained_few_shot	5	tigecycline	5	400.2	1.3323220866420231	0.10651983748086781	1.0736471138286232	0.08958261582823263	-0.39383574114885667	0.06396913816090695	0.004621615217028729	0.05463553978282701	-0.004886683210471534	0.054407934883899195	0.5482514546965918	0.04589792463932574
kp	se_plus_ec_to_kp	source_pretrained_few_shot	5	tobramycin	5	607.0	1.3422266847131779	0.05344839666116086	1.023039288978404	0.03888227218356822	0.3762501194869383	0.04967334306666618	0.638435838899259	0.03098778939611901	0.63562121512914	0.02780056232289838	0.5954969796814937	0.018874269685578825
kp	se_plus_ec_to_kp	source_pretrained_few_shot	10	amikacin	5	763.2	1.5151149347885267	0.06289170314496352	1.1000457190364132	0.05050252952825052	0.27163676060227626	0.015315757922042778	0.5320856040688261	0.020893205998511383	0.5063499161558062	0.020141954246358028	0.5951318507132908	0.022050833913797873
kp	se_plus_ec_to_kp	source_pretrained_few_shot	10	aztreonam	5	658.2	1.5113753207258578	0.027437676743085164	1.0558339013182194	0.030081661204058183	0.2833950282575338	0.06879626813217558	0.536952620199869	0.06160681513101951	0.43462956373920536	0.051228062810894065	0.6504648441884099	0.012535894653117984
kp	se_plus_ec_to_kp	source_pretrained_few_shot	10	cefepime	5	691.6	1.8806109531381836	0.048956550654912084	1.3886741141827337	0.03735523220693245	0.2124671319850588	0.056159011191284094	0.4737037448760084	0.043816799312584545	0.3935695564658279	0.03310612272339184	0.5161968217851876	0.04242973728008937
kp	se_plus_ec_to_kp	source_pretrained_few_shot	10	cefmetazole	5	158.8	2.400444347190813	0.12017760703026395	2.0040231996348874	0.12011474519362138	0.23669263445838454	0.04058008768190252	0.5030390130004407	0.03891288971879742	0.42583354254767525	0.05718205636494168	0.26070641934028604	0.039513493380690365
kp	se_plus_ec_to_kp	source_pretrained_few_shot	10	cefotaxime	5	419.8	2.125813933824524	0.13740768371253229	1.523802888084148	0.09805422077125389	0.306015190679762	0.04068013271540224	0.590638585933424	0.025524241930853203	0.35073004353851717	0.0502368305078948	0.4378065689282873	0.04714889663861062
kp	se_plus_ec_to_kp	source_pretrained_few_shot	10	cefoxitin	5	561.8	1.4346685049163637	0.04172000414037708	1.1674009196824409	0.03396972433896428	0.18712061047581396	0.023932657558229004	0.45319166639261416	0.024887623318278502	0.5001808214316145	0.024752548941509044	0.48344762255166274	0.02223341125132138
kp	se_plus_ec_to_kp	source_pretrained_few_shot	10	ceftazidime	5	766.8	1.7249687446600794	0.08130522397260155	1.2146338249474256	0.07094950480021094	0.34201713516468857	0.028839415439423904	0.6018021997768672	0.020998537854962286	0.5171072405970663	0.027450966874590598	0.5912071377752663	0.023206204977024945
kp	se_plus_ec_to_kp	source_pretrained_few_shot	10	ceftriaxone	5	574.4	1.6539829687187186	0.06518220006121815	1.0181086851617986	0.02711492379073605	0.288071041218611	0.15812789097066332	0.623703491544999	0.06609550640642149	0.3097209296427336	0.06313764016150901	0.7119319295056304	0.011742033064915917
kp	se_plus_ec_to_kp	source_pretrained_few_shot	10	cefuroxime	5	622.0	1.5112146485297169	0.033056289187892184	1.1766167544858632	0.041092374947348936	0.18303951813779726	0.026334334129878186	0.4578252610350112	0.017637413803497957	0.45054186056023465	0.02792725403776949	0.5482315112540193	0.03600353002662167
kp	se_plus_ec_to_kp	source_pretrained_few_shot	10	ciprofloxacin	5	813.4	1.6917295862052946	0.08259821391468908	1.2777110936559872	0.08775602556529721	0.21098251668972026	0.06759539765550215	0.6364636198247842	0.022360215817692576	0.6027599915197712	0.024277281070667463	0.49891766976637825	0.0508083863491552
kp	se_plus_ec_to_kp	source_pretrained_few_shot	10	imipenem	5	684.6	1.8546424096253822	0.09846223054369342	1.4218662749997821	0.0634079328634314	0.3818461393715731	0.030956547695302015	0.6318792981954353	0.02298729783214041	0.6206858838283311	0.027541878548374282	0.4738616411263356	0.02826672986160002
kp	se_plus_ec_to_kp	source_pretrained_few_shot	10	levofloxacin	5	596.8	1.2037457080315157	0.044699458641618575	0.874991889120299	0.023014888699532603	0.6132730005917367	0.0297173481980277	0.791367267408449	0.01971670726879188	0.7244726927971868	0.023163680392591108	0.6843203714321047	0.010299246537444231
kp	se_plus_ec_to_kp	source_pretrained_few_shot	10	meropenem	5	1063.6	2.504382889754237	0.05560799320146113	1.9876624487530443	0.05434968078946062	0.3718363956714316	0.023724547551702724	0.6387113047673469	0.017966653304692	0.6427010498836385	0.019854170776908965	0.3455616345661897	0.015822415729469946
kp	se_plus_ec_to_kp	source_pretrained_few_shot	10	minocycline	5	247.4	1.4693005437911335	0.0650097989918773	1.1374645292308747	0.06452897630243674	0.12737823680179372	0.06065072791937796	0.42377594315331046	0.047268845353171204	0.4326655085471778	0.058597053164350654	0.5457108963475685	0.038452337533808584
kp	se_plus_ec_to_kp	source_pretrained_few_shot	10	tetracycline	5	430.2	1.4525585929204845	0.04667010589818021	1.1294258012404794	0.046141682239298994	0.2611405268433789	0.04903350244513654	0.5501951407331712	0.02805298779875696	0.5615872564844853	0.040583918739496766	0.5403751866040756	0.034132793427832375
kp	se_plus_ec_to_kp	source_pretrained_few_shot	10	tigecycline	5	400.2	1.3102434734464399	0.0796247977480684	1.0529821635238092	0.06175709472340583	-0.34954891214862294	0.010427833320794982	0.014034354626538334	0.057000694087578956	0.006586710386976691	0.05755881053601294	0.5520681629260182	0.030195370193169025
kp	se_plus_ec_to_kp	source_pretrained_few_shot	10	tobramycin	5	607.0	1.2702561841208033	0.045951295406786025	0.9680055380931339	0.03804299361060544	0.4412911469430421	0.0433267873160415	0.6723870860931144	0.029128521591584515	0.6684711186804008	0.026564258232792903	0.6116419549697969	0.014598478677340746
kp	se_to_kp	source_pretrained_few_shot	1	amikacin	5	763.2	1.8660599342848116	0.0626601180531589	1.4639022122657415	0.059937553778085066	-0.10645242986773784	0.05911086014759712	0.22419189532680744	0.012687959689171316	0.23364094816247755	0.01614632743256568	0.4075025331713934	0.04104325678461433
kp	se_to_kp	source_pretrained_few_shot	1	aztreonam	5	658.2	2.0030048711587085	0.0767142820502806	1.5639758091028186	0.052168445753627155	-0.27408376654360583	0.1993351564206152	0.37998812106946095	0.059980122443772356	0.2571904075553829	0.05301935929736461	0.43574126774010546	0.01652310180169536
kp	se_to_kp	source_pretrained_few_shot	1	cefepime	5	691.6	2.797861511379572	0.09513060988623138	2.1994919154921684	0.08947113657864915	-0.7500574743040788	0.14704507673655703	0.25605285577880166	0.04708423751007527	0.1665857877141667	0.05849305166749734	0.3026829955190461	0.018465749005275253
kp	se_to_kp	source_pretrained_few_shot	1	cefmetazole	5	158.8	2.885652582414381	0.06645285917025587	2.5775663361069983	0.08054045771326812	-0.10481928290108297	0.058016340469247786	0.07245542263597413	0.07202613180757979	0.046371997345753355	0.044397276239260305	0.1343417456147334	0.023111514197439727
kp	se_to_kp	source_pretrained_few_shot	1	cefotaxime	5	419.8	3.326202753530932	0.17616842832036453	2.670476364373312	0.15974752751822133	-0.6994447296825567	0.10793422778155286	0.4670698549421566	0.023554549847038166	0.37054944973267145	0.03171216014136659	0.24328067583437507	0.028021249442512018
kp	se_to_kp	source_pretrained_few_shot	1	cefoxitin	5	561.8	2.090478714477729	0.05254526263019404	1.744545855307302	0.04871223772838742	-0.7308160541175714	0.1099647910357	0.15268898193036848	0.019084707837350192	0.13738845980024855	0.016782533465028098	0.3065126881120182	0.016561561106412964
kp	se_to_kp	source_pretrained_few_shot	1	ceftazidime	5	766.8	2.389011287712737	0.05659330583690074	1.8299937041979661	0.04736231742217762	-0.270769861341449	0.08137460840475884	0.3785734053653248	0.019272040950841198	0.28258385160491456	0.019636623904411697	0.3981065106214462	0.006390633086827466
kp	se_to_kp	source_pretrained_few_shot	1	ceftriaxone	5	574.4	3.4046947808842276	0.10404185735758043	2.393319010616854	0.07242126545599406	-2.0207042390522867	0.6714335035744773	0.4231683147482235	0.04570625218308708	0.2283326291223927	0.055073029493552424	0.4070344897237792	0.0071799128621610935
kp	se_to_kp	source_pretrained_few_shot	1	cefuroxime	5	622.0	2.4914762545011966	0.04114458850170493	2.1513984782032325	0.03467954972460795	-1.2371785810305158	0.10472908524115097	0.22726205629527457	0.048967678653968345	0.19108351555932096	0.04749990923772193	0.20010718113612	0.01784493495242651
kp	se_to_kp	source_pretrained_few_shot	1	ciprofloxacin	5	813.4	2.4990168751068973	0.048676533717121	1.94594867979621	0.020498605141115823	-0.7221513447525305	0.08830100932532718	0.6294858628963159	0.016811207922798846	0.5842158955321372	0.00612484859828178	0.33619842586632254	0.009614626970481186
kp	se_to_kp	source_pretrained_few_shot	1	imipenem	5	684.6	2.315145906188998	0.07526464141249292	1.8680678107883737	0.07197539014351018	0.034611381604959905	0.018149964707026248	0.2857429792252094	0.026514691082350283	0.2945557515716983	0.03474974490936615	0.3238791423001949	0.046494460125004924
kp	se_to_kp	source_pretrained_few_shot	1	levofloxacin	5	596.8	2.4201212963043193	0.08429930451833714	1.7679073997272787	0.08154598320896353	-0.564059251950855	0.07825268114261365	0.7487953029243175	0.010937374953328914	0.7036583537066401	0.01914946373607809	0.461785624618244	0.027731060098097605
kp	se_to_kp	source_pretrained_few_shot	1	meropenem	5	1063.6	4.874473721020831	0.08029408165178605	4.060003437638281	0.09803404464574492	-1.3807696049235354	0.11700449914694704	0.3540099286680674	0.021616508018690125	0.3384504879744228	0.024737345365531592	0.1442820951720788	0.020449865974913477
kp	se_to_kp	source_pretrained_few_shot	1	minocycline	5	247.4	2.2046989927416796	0.04585382198566736	1.8876005629425983	0.031124306585381723	-0.9703519933881388	0.1423873755544121	0.31533119711208124	0.08803824519564966	0.3370382475771464	0.09148644402835475	0.24654890949458008	0.019458807120929497
kp	se_to_kp	source_pretrained_few_shot	1	tetracycline	5	430.2	1.853541526891092	0.05542174382734864	1.5477857337475003	0.050485569567818044	-0.20241969541369773	0.06104423592948779	0.39283330872485034	0.04415442109331512	0.40512931100307226	0.043390501781576156	0.35395456752819293	0.02721136714982316
kp	se_to_kp	source_pretrained_few_shot	1	tigecycline	5	400.2	3.924123252378039	0.06015305331795462	3.6414782828083654	0.06726581045708115	-11.207104930427125	1.5559110814487143	0.06948164407528123	0.030040600693111794	0.06047066989693445	0.030553795904431746	0.03880548628428927	0.011861508239103893
kp	se_to_kp	source_pretrained_few_shot	1	tobramycin	5	607.0	1.6042116793261356	0.05136110111063208	1.3397631177800426	0.024254106204905576	0.10888148280355858	0.06282382933019692	0.3951918441295958	0.03202636609263787	0.3800417646723352	0.022909661434004518	0.39615595826468974	0.05417346840219681
kp	se_to_kp	source_pretrained_few_shot	5	amikacin	5	763.2	1.6658085266942961	0.05697959833613791	1.2577016491396318	0.04692735800346692	0.11939593950687728	0.00960205362780722	0.3825666430831211	0.012009195715659839	0.44148938761477663	0.013899019597417413	0.5213219838105759	0.022167194295055873
kp	se_to_kp	source_pretrained_few_shot	5	aztreonam	5	658.2	1.5456507236294903	0.0362464103167404	1.0774630983120905	0.03329239902718677	0.24984946454774853	0.0808797760711294	0.5212416594064726	0.058602723419896016	0.42401018847213834	0.048128285528657805	0.6225106967204923	0.015372476717633591
kp	se_to_kp	source_pretrained_few_shot	5	cefepime	5	691.6	2.2555581874960864	0.11035474359847224	1.6178245007268621	0.10847410389187442	-0.1361625303933994	0.14525818238474408	0.37819668633415554	0.05121013800772735	0.23567591607953142	0.05404859945758188	0.4791072389572511	0.05006233381409927
kp	se_to_kp	source_pretrained_few_shot	5	cefmetazole	5	158.8	2.7613630291662563	0.03613133344023713	2.5068833711034495	0.043900542227497424	-0.012307794499997006	0.0605021269942204	0.26542138138074467	0.03544479787439225	0.19719736303029686	0.044296868949416354	0.12596926996258256	0.021276846454920388
kp	se_to_kp	source_pretrained_few_shot	5	cefotaxime	5	419.8	2.3557174978747315	0.14583227080168204	1.75599494121089	0.11924362263686468	0.14903097595825648	0.03203509893649429	0.503007271893771	0.028952232345994103	0.2686041700532774	0.05635365680625536	0.3758896844338372	0.040064024631566324
kp	se_to_kp	source_pretrained_few_shot	5	cefoxitin	5	561.8	1.696344800093195	0.04428834040340498	1.4162182808213752	0.04372979301513871	-0.1389307018986711	0.07258079031914895	0.3525591354487488	0.01799532852982446	0.3673644530947068	0.01730031765943303	0.3561175920815862	0.02509295023607495
kp	se_to_kp	source_pretrained_few_shot	5	ceftazidime	5	766.8	1.8708350831586216	0.06789002298325099	1.3697809382481334	0.05747618878530298	0.22483355378539524	0.045441178001708896	0.5255047340148382	0.020402212418738595	0.3984978242480795	0.014455640925746766	0.5183481356159145	0.020515487936237097
kp	se_to_kp	source_pretrained_few_shot	5	ceftriaxone	5	574.4	2.4871349920894126	0.08654821238602228	1.7418119331774542	0.03634341979655168	-0.6159402745532432	0.3815767441498527	0.5030217245991533	0.059845464003644676	0.21739621708265305	0.06441870694178063	0.4268908751199313	0.02559580079931141
kp	se_to_kp	source_pretrained_few_shot	5	cefuroxime	5	622.0	1.6723231720218314	0.03967600104416479	1.241783671533052	0.04366671146540206	-0.0024758811520557587	0.0653528060795559	0.3527969264578737	0.04102994977844583	0.3713544517952579	0.03549001090772111	0.5658092175777063	0.024125876166247232
kp	se_to_kp	source_pretrained_few_shot	5	ciprofloxacin	5	813.4	2.1849555959869074	0.06388939742159921	1.7508981925325622	0.05155827810274785	-0.31580971930373763	0.08914193174828762	0.646255639464106	0.014943829516078203	0.5992404679445207	0.011484661597370884	0.30465611535722237	0.019453062965697796
kp	se_to_kp	source_pretrained_few_shot	5	imipenem	5	684.6	2.1415317311614386	0.09333899254095444	1.8597716902627048	0.09121282537709706	0.17565290577156661	0.03743005098209548	0.4742772383029341	0.01730472428335393	0.5191507300623818	0.02456869000356238	0.20384058280331807	0.067233852728897
kp	se_to_kp	source_pretrained_few_shot	5	levofloxacin	5	596.8	1.9636984522112932	0.06498368462300713	1.414056915627337	0.04862205880338633	-0.028497667196208897	0.048263913702901465	0.7654917351287657	0.011543314004320461	0.7235257155138692	0.022971885158039287	0.5160770294425145	0.01774154028138664
kp	se_to_kp	source_pretrained_few_shot	5	meropenem	5	1063.6	3.266205206914832	0.1022545838939842	2.613743208721991	0.0831361966336891	-0.06996449316063957	0.08302774284665265	0.5347095824917237	0.018340442455100713	0.5487312542184363	0.02928502148018408	0.3046246849484954	0.009156017875217885
kp	se_to_kp	source_pretrained_few_shot	5	minocycline	5	247.4	1.6005728537629014	0.05567286773391491	1.2902793691157102	0.055595061195888716	-0.035952683225424956	0.08044248729768329	0.34636540145010836	0.08346246165046578	0.36315444231368216	0.09006970934094967	0.4433154847416308	0.034520794695713945
kp	se_to_kp	source_pretrained_few_shot	5	tetracycline	5	430.2	1.6593299807080715	0.07858205030248885	1.3102873755657434	0.05689320930766222	0.03692940787583426	0.06315338621561281	0.37105672466807965	0.056700019597073784	0.35505885752175437	0.05939453257131749	0.44647277828737925	0.028156438630055965
kp	se_to_kp	source_pretrained_few_shot	5	tigecycline	5	400.2	1.614676837386071	0.10190166666559192	1.2904193101150239	0.0940279088133553	-1.067217777270925	0.2019095768242305	0.054491417265271916	0.029543998987297544	0.03801034145232688	0.025840984460598293	0.47208478802992515	0.04542149009500936
kp	se_to_kp	source_pretrained_few_shot	5	tobramycin	5	607.0	1.471041177130967	0.03240799632451912	1.18968956544177	0.025831396183402234	0.2514180857614651	0.032307649365418765	0.524221857807148	0.03360562391996972	0.5209929696428186	0.022573071546918837	0.49456342668863257	0.028411752056241663
kp	se_to_kp	source_pretrained_few_shot	10	amikacin	5	763.2	1.6129149736334096	0.06015427120930072	1.197665743862382	0.05010773682599485	0.17463652964013401	0.0071843463223588856	0.42721802847861745	0.007970229702572976	0.4941577673683318	0.012922007338713933	0.5576596698528588	0.016694865307075906
kp	se_to_kp	source_pretrained_few_shot	10	aztreonam	5	658.2	1.5071700473779628	0.03169525542663572	1.0196902248499682	0.03447432325686086	0.2866668037687438	0.07719379327546928	0.5499698227204599	0.05994132206596083	0.482241425104262	0.029518117104690413	0.6694053038514343	0.019078950065173378
kp	se_to_kp	source_pretrained_few_shot	10	cefepime	5	691.6	1.9662545589365537	0.048793670108393174	1.4461769099006498	0.04974193509825353	0.1387771032899699	0.062417410044668054	0.4180511023026556	0.04709872508040465	0.31448684893905354	0.04603301431830018	0.5023191097206305	0.046211874617244006
kp	se_to_kp	source_pretrained_few_shot	10	cefmetazole	5	158.8	2.6194764092630707	0.06277640089368493	2.3251965852693	0.064071580585679	0.09030126507937013	0.03690997873093423	0.33647893294317427	0.04892518522619295	0.2682177248486801	0.05753124539724028	0.15325212960751528	0.025575095823591586
kp	se_to_kp	source_pretrained_few_shot	10	cefotaxime	5	419.8	2.2401184851083835	0.13278005739438856	1.637862477742575	0.10493308431487336	0.2301497252524997	0.03192592512556094	0.5076443001662989	0.031160695465253404	0.22926602845383054	0.0875596881887397	0.40444330795166117	0.05817320378702344
kp	se_to_kp	source_pretrained_few_shot	10	cefoxitin	5	561.8	1.5653172331536795	0.026368696544895036	1.3035222569671643	0.033041818142603825	0.03131494683132323	0.0300914283753492	0.4302418183429381	0.021707157513818694	0.4610115687641465	0.024618865877930038	0.4057110777018669	0.033225533507641895
kp	se_to_kp	source_pretrained_few_shot	10	ceftazidime	5	766.8	1.7325089012525687	0.07200061489581812	1.2181837998572291	0.05868343279427185	0.3359355503575463	0.0318519558724836	0.5888043855976582	0.023481101589101556	0.45911371830668835	0.011856208248223513	0.5945978760511663	0.02389053396556731
kp	se_to_kp	source_pretrained_few_shot	10	ceftriaxone	5	574.4	2.1645440711989687	0.09538534367518577	1.4619673099609984	0.053485023883596175	-0.22493005458730747	0.3133145131693072	0.5462691095439792	0.06621425322279427	0.22629124579769436	0.07332903737590768	0.524627379689946	0.04471793565979772
kp	se_to_kp	source_pretrained_few_shot	10	cefuroxime	5	622.0	1.5757207240588778	0.027810474224453766	1.114328753903492	0.02792571812961856	0.1115874922941128	0.04261550285230077	0.3858094389236912	0.03898641424129817	0.40569198012047936	0.038142768920542344	0.6316184351554126	0.011384685225901558
kp	se_to_kp	source_pretrained_few_shot	10	ciprofloxacin	5	813.4	1.9417129129908788	0.08127494265176957	1.5365662600308274	0.07086131824967583	-0.03895383869770713	0.08821777138118911	0.6502705143132833	0.017030910387737755	0.6114412161484415	0.016336576212774664	0.38096563520917764	0.027963486379583565
kp	se_to_kp	source_pretrained_few_shot	10	imipenem	5	684.6	1.99842599156296	0.08192946990131891	1.6747965724259786	0.06432731106781112	0.2824520548603339	0.021434355591863997	0.5726043611616886	0.017455836194059313	0.6005917035617075	0.025810107249617693	0.2970334798878786	0.06313784897070872
kp	se_to_kp	source_pretrained_few_shot	10	levofloxacin	5	596.8	1.6340434877500065	0.07565115072840332	1.1811056788287577	0.03983405231075687	0.2866298154933155	0.06732684812811503	0.7697054736034111	0.014426292398890395	0.7379621824916376	0.02692311726010206	0.559869256798534	0.025490571919235525
kp	se_to_kp	source_pretrained_few_shot	10	meropenem	5	1063.6	2.8145352734421474	0.08236183487006828	2.290891846303744	0.04526798000526286	0.20573900510141865	0.0559169904227904	0.6007580459239199	0.014151533139474875	0.6211893753041559	0.01629531160921524	0.3159146101377621	0.01945089490619389
kp	se_to_kp	source_pretrained_few_shot	10	minocycline	5	247.4	1.5111053435600408	0.05565579616172067	1.2050691736550283	0.055188463155701195	0.07670229325425496	0.07146804185590955	0.374163481391803	0.07423871795521812	0.39063360284712373	0.0792655817103511	0.4904705933568413	0.03665763170022817
kp	se_to_kp	source_pretrained_few_shot	10	tetracycline	5	430.2	1.6703759388807775	0.07735162729033847	1.3181022672980904	0.0575898423975539	0.024378064531144737	0.05616746503770957	0.3794957560783576	0.053227487975415246	0.3598295050364837	0.0638276766133609	0.4450777891688699	0.025567649113879952
kp	se_to_kp	source_pretrained_few_shot	10	tigecycline	5	400.2	1.3154369955180074	0.09936609470427608	1.042122046323563	0.07888540507394523	-0.3604758290261128	0.07732460307795778	0.05153680368368378	0.04361853961540621	0.04455633102573645	0.0373985490377565	0.5623836242726516	0.033586040791620086
kp	se_to_kp	source_pretrained_few_shot	10	tobramycin	5	607.0	1.4462992803221861	0.019562972405589203	1.1738349144293312	0.028263890661560227	0.27625987644932	0.03215744085509876	0.5388610608179039	0.03117822204974601	0.5359622984750531	0.02284615623155143	0.48028555738605155	0.02425783716674008
se		target_only_scratch	1	ampicillin	5	1595.0	2.3543059551279075	0.07747891889827446	1.8065383732100888	0.11483749371876331	0.343592200237935	0.043561762484794445	0.6122239840252961	0.03566093703953267	0.5096196240667079	0.05664978402036853	0.3742110762800418	0.09854984841858187
se		target_only_scratch	1	cefoxitin	5	1520.6	1.2656784793859028	0.09562253932078725	0.9367441977157027	0.0723070476999067	0.35018374257537055	0.08826375201363901	0.6118867481748997	0.07194129105452314	0.36854654505846807	0.03569275161472558	0.6598675559707948	0.026197521227943957
se		target_only_scratch	1	ceftazidime	5	117.6	2.4915785782598396	0.22028875164084422	1.8544290141144	0.15516661287629835	0.16181780535600315	0.08373957373023629	0.48627921108673	0.0803187831140967	0.4618559574847554	0.08165904637027943	0.37757013858708777	0.08128657163257069
se		target_only_scratch	1	ceftriaxone	5	1588.8	1.9945898784079599	0.14683537289404014	1.174847878967657	0.0970849692263523	0.43768130571109387	0.07248177464484003	0.6702331270249353	0.056566088067155657	0.47143581972937276	0.07252292272058815	0.6895341292122215	0.009247206969705659
se		target_only_scratch	1	chloramphenicol	5	1552.0	1.4519123964098388	0.11652400252308902	1.0364155607381227	0.07300072168662412	-0.3235692940855882	0.2026778719123665	0.2840088313474487	0.06965571650354842	0.09095269192782211	0.06433025690672325	0.6722079037800687	0.04196050560182759
se		target_only_scratch	1	ciprofloxacin	5	1817.4	2.4661137436345952	0.13515747870304995	1.7361470908345091	0.2338722628967095	-0.1587671540070905	0.0902586411466128	0.11265053563955041	0.08951385026457968	0.005718707751965304	0.08699107341221508	0.4708175789143764	0.12985160288386272
se		target_only_scratch	1	meropenem	5	104.0	1.693808397608364	0.10446985785109775	1.3854241527808018	0.07919327299823972	-15.890681330504211	12.81185948997774	-0.19956998456877403	0.1540945929102465	-0.06842209400550885	0.1055839667236446	0.3967948717948717	0.06158518525372025
se		target_only_scratch	1	tetracycline	5	1541.2	1.968384914877396	0.20644191826349273	1.598074052387038	0.11038437744034069	0.021317684316937667	0.19847676371543163	0.4556386251576622	0.07231370251841242	0.5114029042449313	0.08723196157925668	0.3953091363797939	0.09191313192720703
se		target_only_scratch	5	ampicillin	5	1595.0	1.5491128515629344	0.10237778127327964	0.801746030740728	0.08219616461313665	0.7149095666364815	0.037950136803911336	0.8514395308918419	0.021640199474407602	0.7034858968412014	0.028186711846702465	0.8610658307210031	0.023738777927138893
se		target_only_scratch	5	cefoxitin	5	1520.6	0.9792277613870322	0.032046351802572905	0.712957007821019	0.03399167467490193	0.6117502808312169	0.020101149222561676	0.7955941630295089	0.01602319617434964	0.4655800620673622	0.035399804815623395	0.8207305039390059	0.022295995765247045
se		target_only_scratch	5	ceftazidime	5	117.6	2.0372389901937416	0.12878125004857158	1.3806201132075824	0.09969095478228103	0.436793659558046	0.06940591984025135	0.6928214632945788	0.04155124339129623	0.6417716405393721	0.04670836326028865	0.5572746149017336	0.05511995562321689
se		target_only_scratch	5	ceftriaxone	5	1588.8	1.3883158544832663	0.07382229690711059	0.6080803202134561	0.03556289844764789	0.7274359352299891	0.03135554172197645	0.8552888224445987	0.01880617114087341	0.5826097483615411	0.043454496972880015	0.8529732908709594	0.017988348237489606
se		target_only_scratch	5	chloramphenicol	5	1552.0	0.9935393229182722	0.03528881159717308	0.6517421571505848	0.030228538583128794	0.3806110841361231	0.05802881662437533	0.6287066512134475	0.041609421313727274	0.3288385862736679	0.025770232479380647	0.8476804123711339	0.04949224469537819
se		target_only_scratch	5	ciprofloxacin	5	1817.4	1.8910070605962184	0.1110574149422048	1.0877881331555233	0.06695183419954553	0.3188415818847775	0.05315953859616558	0.596645656820576	0.0347610398958447	0.39478175570943097	0.032080530962727394	0.6809332226563327	0.017030319581330576
se		target_only_scratch	5	meropenem	5	104.0	0.6945445755089249	0.17728618725003653	0.43641941990607824	0.06531936356075425	-1.2324706956169067	1.0258116248289808	-0.023241376392280542	0.11546699878299768	0.005452199131140434	0.06564393930263519	0.9147435897435898	0.04558724503551056
se		target_only_scratch	5	tetracycline	5	1541.2	1.058333427582865	0.08460398180288434	0.520683428569599	0.07214022112946337	0.7176738159399749	0.045933751364181256	0.8599037661412122	0.027107807203673454	0.7888625547259326	0.020023961253102553	0.8771055622468495	0.024058486452278125
se		target_only_scratch	10	ampicillin	5	1595.0	1.3793595851051086	0.06253314778010735	0.6865224622309892	0.055251615338248655	0.7745901626098256	0.02005553042146806	0.8843789581630492	0.011735418426428971	0.7314982337857836	0.016992807441988958	0.8875235109717868	0.019500459642350847
se		target_only_scratch	10	cefoxitin	5	1520.6	0.8636866702290804	0.03914988726407726	0.642854730572184	0.012855171075240758	0.6985540729380386	0.019501061477828013	0.843689720047926	0.010176952711957822	0.494363323967759	0.023724498784774933	0.8519031512047708	0.010493457506981043
se		target_only_scratch	10	ceftazidime	5	117.6	1.726024593901056	0.1032896477433336	1.2122452724949326	0.04882755555932704	0.5915111262007557	0.07981481940855938	0.7786413434469721	0.04601662339581622	0.7247487793598	0.05556040767269557	0.5782751460717562	0.04823718877643253
se		target_only_scratch	10	ceftriaxone	5	1588.8	1.2036493656175022	0.09978922643225453	0.48304994951390334	0.04468695742192485	0.7947600852230057	0.03239950478411445	0.8920937945590814	0.01775215585661187	0.6351374505282391	0.01739811824033494	0.8805393820551556	0.005014034089207334
se		target_only_scratch	10	chloramphenicol	5	1552.0	0.9106119161540676	0.034232807315845756	0.5896864350155455	0.013764583431236536	0.4795241654031238	0.039530166143925724	0.7097750730415734	0.02155407494144335	0.4001081590880224	0.01834234676361647	0.9015463917525773	0.00894306789036329
se		target_only_scratch	10	ciprofloxacin	5	1817.4	1.6841852137233548	0.03991297283692185	0.998326466227826	0.024579120996598966	0.45967536303696777	0.01797011028209633	0.6889136118619977	0.013664605254012922	0.4395795396395833	0.034840576039875545	0.6898492802866785	0.012231542318850751
se		target_only_scratch	10	meropenem	5	104.0	0.5567924068523452	0.17425496981892846	0.3197160571049421	0.028414059522268737	-0.326668164572299	0.3559582856414783	0.2203454467619776	0.0941395022918839	0.10329731251419857	0.08063550234547538	0.9615384615384617	0.009615384615384609
se		target_only_scratch	10	tetracycline	5	1541.2	0.8701824185245777	0.0661315961533864	0.3968808256739994	0.04868219962751623	0.8101429255207832	0.02830504736275917	0.9068582564568247	0.013506363392141642	0.8208846878684233	0.014112000096367514	0.9187641558743248	0.01495220264232031
se	ec_to_se	source_pretrained_few_shot	1	ampicillin	5	1595.0	1.7302484299314442	0.07466110413231501	1.2252079082780996	0.08718342198520869	0.6451361403131377	0.027765025230987617	0.8208995616861167	0.01716515781646528	0.6986018128678971	0.014178411612358645	0.49379310344827587	0.07304462402829187
se	ec_to_se	source_pretrained_few_shot	1	cefoxitin	5	1520.6	0.9173010019254015	0.03755365357250302	0.7302945335713088	0.028017163517823896	0.6590889240497374	0.03422395180073858	0.8332784361362983	0.014374340329115973	0.38492555669803846	0.027189443782225035	0.830157070025491	0.011930517373813138
se	ec_to_se	source_pretrained_few_shot	1	ceftazidime	5	117.6	2.2720961505177337	0.21517733876653844	1.6368571970700134	0.14466790211574468	0.29640667552293476	0.13610198486506256	0.6576083866526499	0.08825854255980008	0.5805950611102618	0.10354132195880861	0.4648317156791732	0.044856982816534066
se	ec_to_se	source_pretrained_few_shot	1	ceftriaxone	5	1588.8	1.5477238754622173	0.10290865685075135	0.950018739931297	0.07378340105443487	0.6601129724635447	0.050031244161343	0.8377848817817426	0.025455072068511095	0.5397409074914666	0.016985474877529987	0.781681099963593	0.01015019207266874
se	ec_to_se	source_pretrained_few_shot	1	chloramphenicol	5	1552.0	1.053227897927784	0.03034670205169358	0.6700546273455996	0.021413940956889116	0.3055353270686535	0.04618930207244707	0.5784245432822062	0.03777556716169426	0.21070825451140732	0.04470933614812524	0.8175687285223366	0.05958118243141542
se	ec_to_se	source_pretrained_few_shot	1	ciprofloxacin	5	1817.4	1.9375014268552462	0.048056678091746276	1.4875584997280968	0.06802322137664936	0.28534493971021335	0.012739736048098128	0.5767020393757065	0.012432855682462622	0.21140469154957137	0.0050974035447338435	0.4031748194081929	0.03500185711378457
se	ec_to_se	source_pretrained_few_shot	1	meropenem	5	104.0	1.584496393991999	0.03376000591540817	1.2745972742637	0.045390189518697104	-13.88224014227092	10.905844150046223	-0.14635777562402558	0.1240164559587679	-0.05728081017695029	0.08432913742311512	0.5019230769230769	0.01877121854403378
se	ec_to_se	source_pretrained_few_shot	1	tetracycline	5	1541.2	1.0763401628760276	0.040274608974983576	0.7146258126288573	0.04006032027622109	0.710386358466937	0.02067916103841758	0.9074126937221794	0.004726474520844444	0.8053753969146744	0.016941137645264098	0.8947570835833801	0.010193336824517044
se	ec_to_se	source_pretrained_few_shot	5	ampicillin	5	1595.0	1.3697980482928094	0.0514944269514441	0.7955441247706877	0.03039937246383035	0.7776468659505975	0.017194941515416923	0.8844832111348321	0.010309286996692252	0.7370663933295387	0.009394883203222584	0.8713479623824452	0.007710720839891632
se	ec_to_se	source_pretrained_few_shot	5	cefoxitin	5	1520.6	0.8573912646408743	0.03812839187767527	0.6827038786213923	0.02933052502762298	0.7021754727686382	0.031655028269783225	0.8469996294350691	0.014735440779802617	0.38286096891470583	0.02742465017686313	0.8495816752598129	0.017226864604136742
se	ec_to_se	source_pretrained_few_shot	5	ceftazidime	5	117.6	1.9308085765360663	0.15294689018886595	1.3281175366358777	0.11886621836150721	0.49067833901563596	0.1006071165155965	0.7311136476559777	0.0675681822143511	0.6535432932544178	0.09704622550591056	0.556154329035685	0.045338835689810404
se	ec_to_se	source_pretrained_few_shot	5	ceftriaxone	5	1588.8	1.2850075829325547	0.052680054468026094	0.6591977476396365	0.0340181125710049	0.7670134503840218	0.018011183889167677	0.8779508304417872	0.009909583631762621	0.47321807894450096	0.02125391207121768	0.8521324185640257	0.010233945351951637
se	ec_to_se	source_pretrained_few_shot	5	chloramphenicol	5	1552.0	0.9424377183060019	0.03907284215785164	0.6231132431384625	0.017507260988708494	0.4441427631168948	0.036898880224894896	0.680606751337808	0.032845782178561767	0.28079648181714323	0.048123509621987075	0.8872852233676977	0.012228507066705986
se	ec_to_se	source_pretrained_few_shot	5	ciprofloxacin	5	1817.4	1.7175753552173572	0.05332626091091012	1.2405199533119515	0.05018949691140421	0.43845240096329074	0.0178446932295328	0.6715894686668774	0.013169879842603904	0.3815117584020221	0.006346643659541065	0.5111330890931691	0.01931749617936089
se	ec_to_se	source_pretrained_few_shot	5	meropenem	5	104.0	1.0751665118044325	0.08282042737317508	0.7993967902966034	0.017392604015209596	-5.529116210246022	4.750262007411645	0.005383240815529977	0.08451059514047515	-0.035788757860515684	0.11936855016313115	0.7378205128205128	0.029235267310234292
se	ec_to_se	source_pretrained_few_shot	5	tetracycline	5	1541.2	0.8686949418472457	0.05655511201894484	0.44026095096383744	0.024943169009913772	0.8111207083727366	0.022347833981948548	0.9179242742468455	0.01018003688771957	0.8088114834296777	0.016051036833221347	0.9315693006237072	0.0048391987171418245
se	ec_to_se	source_pretrained_few_shot	10	ampicillin	5	1595.0	1.308823669460986	0.04367883130323269	0.7205769793342024	0.024658146104455363	0.7971569482166471	0.013988754468181803	0.8946371102698348	0.008091893220663594	0.7447766370774221	0.009676544964734085	0.8883176593521421	0.0057435155370584344
se	ec_to_se	source_pretrained_few_shot	10	cefoxitin	5	1520.6	0.8416639410153506	0.03474976574463332	0.670047137464864	0.023422748752730194	0.7131129047340163	0.028698008121401285	0.8529951592265587	0.014012117042419224	0.39716899027604063	0.022650348389928795	0.8546664244437524	0.013549721055616427
se	ec_to_se	source_pretrained_few_shot	10	ceftazidime	5	117.6	1.8410256273910601	0.1362664211740634	1.2390213109759731	0.09452490419905775	0.5365523974701699	0.09222707545155577	0.7562480178957983	0.06131325541024409	0.6771260875603073	0.09437943711368002	0.6038051088898546	0.033564780208681276
se	ec_to_se	source_pretrained_few_shot	10	ceftriaxone	5	1588.8	1.2226579488380178	0.05096816674860505	0.606326872320651	0.023331005450628217	0.7892190943200161	0.014552638173091607	0.8896597070444106	0.00853926782698256	0.5062057451226629	0.030809825481344203	0.8569155122406933	0.011104193466780812
se	ec_to_se	source_pretrained_few_shot	10	chloramphenicol	5	1552.0	0.87954180478708	0.030490091452314638	0.5929462304742066	0.010708584046669462	0.5162529631909459	0.023771013142360665	0.7285875913389642	0.022546040763193106	0.3118642173002951	0.02467974801683581	0.8994415807560138	0.011341955178570663
se	ec_to_se	source_pretrained_few_shot	10	ciprofloxacin	5	1817.4	1.6602371756509648	0.047198431072907276	1.1517920255915146	0.04560557527267635	0.4750004506898847	0.024802848441042646	0.6953069168005075	0.016284537858284955	0.40403038562772375	0.007007987284918326	0.5519596024911609	0.019459198427272843
se	ec_to_se	source_pretrained_few_shot	10	meropenem	5	104.0	0.9826071098950532	0.08585404410649825	0.7071030871465036	0.02362699889564782	-4.5201414089482554	4.2202337408487445	0.08362318852466633	0.0944988272676884	-0.016640379458819975	0.1285283010481144	0.8006410256410256	0.02834319355055665
se	ec_to_se	source_pretrained_few_shot	10	tetracycline	5	1541.2	0.8205455425777182	0.06002685461493428	0.35643918189355805	0.03381222292287989	0.8313072837885919	0.02245703001315637	0.9225834781451951	0.009225214637047483	0.814122941909606	0.016557437809121913	0.9380138163297312	0.007462830420333478
se	kp_plus_ec_to_se	source_pretrained_few_shot	1	ampicillin	5	1595.0	1.7292847097275463	0.10768205191018526	1.223417006343634	0.07032384644801731	0.6444102961429828	0.04231821594717216	0.8193429956406788	0.029032018815506308	0.7055377275150996	0.01683843350743109	0.5155694879832811	0.0685693634515192
se	kp_plus_ec_to_se	source_pretrained_few_shot	1	cefoxitin	5	1520.6	0.9228931523628138	0.03558981398406127	0.7371065221067783	0.028320953599304456	0.6550799173450714	0.032417173061328984	0.8297670919609811	0.011321303676481135	0.3879728739363043	0.03220543406623937	0.8105147525289226	0.013164661408506619
se	kp_plus_ec_to_se	source_pretrained_few_shot	1	ceftazidime	5	117.6	2.259870978469868	0.1489272411439607	1.613027961565311	0.10477706781373523	0.2998482984799892	0.13072497093363325	0.6775360570404091	0.0806500827116207	0.6065679761098867	0.10190505973772154	0.46370660099473665	0.033996507881727055
se	kp_plus_ec_to_se	source_pretrained_few_shot	1	ceftriaxone	5	1588.8	1.4029194681085675	0.06229377138021135	0.8279053652370572	0.06272197016461133	0.721934298440892	0.02718986018814214	0.8632038750962783	0.014379131882664122	0.5478552813202031	0.018805815832496207	0.7899923328889473	0.029854360591141414
se	kp_plus_ec_to_se	source_pretrained_few_shot	1	chloramphenicol	5	1552.0	0.9980321009459608	0.04556603549366073	0.6636835290701529	0.030180466031606217	0.37541508961216674	0.05907676330438775	0.6275388055056418	0.043138408091254445	0.2641001168508053	0.06404483007856906	0.8451460481099657	0.03472380902362526
se	kp_plus_ec_to_se	source_pretrained_few_shot	1	ciprofloxacin	5	1817.4	1.9276903041246705	0.054780473982361466	1.4327592533698208	0.07122405509335433	0.29234011163026513	0.024471831009415922	0.5788457708775117	0.02147901526419777	0.2212014962518279	0.009370486318249724	0.4344644829553584	0.0392878167895832
se	kp_plus_ec_to_se	source_pretrained_few_shot	1	meropenem	5	104.0	1.8012311313243703	0.09203085271387369	1.3350448150474292	0.046683642671132286	-17.541337396301746	12.152912180171512	-0.0724094982225241	0.2372213086849347	-0.05262363463420543	0.07763194898004333	0.4948717948717949	0.03909730944096642
se	kp_plus_ec_to_se	source_pretrained_few_shot	1	tetracycline	5	1541.2	1.0842423990722119	0.04173385350780444	0.7199903426941162	0.04080125533616798	0.7058872108222046	0.02323109525138074	0.913667180148132	0.004243203816387917	0.8105583511080475	0.01558118313494083	0.8963560082629766	0.014661036720587673
se	kp_plus_ec_to_se	source_pretrained_few_shot	5	ampicillin	5	1595.0	1.3703450508044095	0.08307621357888834	0.7862280487391393	0.04093053237764469	0.7770887791046734	0.027146715123745464	0.8842373457460777	0.015251219965054685	0.7414490071951937	0.011058817743528763	0.8657889237199582	0.01013034570776705
se	kp_plus_ec_to_se	source_pretrained_few_shot	5	cefoxitin	5	1520.6	0.8477885723747185	0.031838422900237896	0.6745364370862073	0.027589411425807744	0.7089762862837249	0.02682942938188724	0.8499922120018424	0.012728726963730645	0.3892718999092672	0.02819469522912602	0.8454148355767789	0.0118982175346406
se	kp_plus_ec_to_se	source_pretrained_few_shot	5	ceftazidime	5	117.6	1.9069946925874066	0.1717921499019177	1.2872472874925645	0.13362660987267966	0.49750439915293293	0.13098888517699303	0.7362002560909885	0.07537259795659818	0.6737369487589757	0.10444223760542298	0.569737795161524	0.054084632231721726
se	kp_plus_ec_to_se	source_pretrained_few_shot	5	ceftriaxone	5	1588.8	1.236520688983915	0.06379086626199611	0.6043807377801006	0.03402749127109356	0.7840725953170915	0.02203368111194383	0.885870055617791	0.012056987720327143	0.5011359804589898	0.030236020122646753	0.8494052044413234	0.011991640563616278
se	kp_plus_ec_to_se	source_pretrained_few_shot	5	chloramphenicol	5	1552.0	0.915952735255663	0.03988193781247974	0.6181153533948246	0.017167214685079354	0.47435473282166296	0.04031852618649887	0.6976905218836802	0.03511917091088933	0.3308065352864527	0.03226114052536065	0.8965635738831615	0.007303352980780156
se	kp_plus_ec_to_se	source_pretrained_few_shot	5	ciprofloxacin	5	1817.4	1.6626072219644825	0.06250190090784355	1.107038130264186	0.04413315188407658	0.47374198519629146	0.022816544527309676	0.6916774627309457	0.015678123786304513	0.4000651363164695	0.014064633262285341	0.6315280308071166	0.038252489186956624
se	kp_plus_ec_to_se	source_pretrained_few_shot	5	meropenem	5	104.0	1.061149091277375	0.07215192251262958	0.7537916636619812	0.03571260809462559	-5.3570915701289135	4.617039052087383	0.11173892298720356	0.2487582902465322	-0.02969745698242938	0.10214547996180524	0.7487179487179487	0.03312310431477898
se	kp_plus_ec_to_se	source_pretrained_few_shot	5	tetracycline	5	1541.2	0.8315702448174846	0.04683825890632457	0.4060502003038492	0.018274842107079352	0.8270683184787835	0.018115353586308093	0.9247461111503379	0.008162956809973127	0.8194148197659533	0.01529579480314079	0.9385332403004994	0.0033542983717021486
se	kp_plus_ec_to_se	source_pretrained_few_shot	10	ampicillin	5	1595.0	1.2968364919656818	0.0428157308314846	0.7096226975387167	0.02101789441238835	0.8008417614185073	0.013347518596977307	0.8971050051600322	0.00800315780002015	0.7462539683188749	0.006425552688782606	0.8883176593521421	0.005492805517575625
se	kp_plus_ec_to_se	source_pretrained_few_shot	10	cefoxitin	5	1520.6	0.8278272268872312	0.025940026366606625	0.6560608539364016	0.019004742264735263	0.7227330966935289	0.021250346773076877	0.8561413653139631	0.01157833743947136	0.3987891094031828	0.022463964849540774	0.8556744754720464	0.01298783880142018
se	kp_plus_ec_to_se	source_pretrained_few_shot	10	ceftazidime	5	117.6	1.8068132920850615	0.14628465967337642	1.2150332225601495	0.10290896607400346	0.5487284437300944	0.11667558891764719	0.7621124117019807	0.060652313527120146	0.705779313313014	0.08075431943958584	0.6252981795354677	0.04591282257388755
se	kp_plus_ec_to_se	source_pretrained_few_shot	10	ceftriaxone	5	1588.8	1.1507228504876728	0.060507277420998935	0.5398906295497544	0.02471013310709998	0.8132190998010742	0.016255288732032032	0.9020058466023946	0.00888386213069819	0.5745813280336923	0.020296932456266143	0.8604407188590326	0.01269683784035705
se	kp_plus_ec_to_se	source_pretrained_few_shot	10	chloramphenicol	5	1552.0	0.8689366412164693	0.02948231860960864	0.5966800584928277	0.010792877330467854	0.5273211341872	0.02565127420787781	0.7328145289840394	0.022415990424725543	0.3568709447592945	0.028880085829942625	0.9062714776632301	0.009651336347923015
se	kp_plus_ec_to_se	source_pretrained_few_shot	10	ciprofloxacin	5	1817.4	1.6074027453567699	0.043000703698474974	1.0468028062911292	0.03685919408295146	0.5079657412498371	0.01754574554383642	0.7155923310974298	0.011526718227564521	0.42093351793538025	0.013342929670338026	0.6479672182958527	0.04833751976522315
se	kp_plus_ec_to_se	source_pretrained_few_shot	10	meropenem	5	104.0	0.924331455536542	0.048835671220616786	0.6489496856927872	0.02210414734632887	-3.746224407662062	3.1447821359737267	0.16830969821420133	0.25856220592551543	-0.011023767308567481	0.1019728707556222	0.8282051282051283	0.015471177418137392
se	kp_plus_ec_to_se	source_pretrained_few_shot	10	tetracycline	5	1541.2	0.7844191321954365	0.05766456827041121	0.3158534551646762	0.03030360330049738	0.8458632623649949	0.02059913429783154	0.9272466316904676	0.008925172547006253	0.8247539451362897	0.014571819386823988	0.9442430042310861	0.006719058542310464
se	kp_to_se	source_pretrained_few_shot	1	ampicillin	5	1595.0	2.2231564881092067	0.09074344821336226	1.5878829640031733	0.07608616268541261	0.41452866957128054	0.04780496868136475	0.6721427384391803	0.02259401154376174	0.5638599743497383	0.03275115427434621	0.5183699059561129	0.10970220319079237
se	kp_to_se	source_pretrained_few_shot	1	cefoxitin	5	1520.6	1.2246151211007388	0.1057266368667302	0.9563702994521135	0.06773322161053268	0.3858924884614631	0.10226455876467469	0.649918363305449	0.11378953202685328	0.35816624524222024	0.05278387541439647	0.6345201391051594	0.11268227620482071
se	kp_to_se	source_pretrained_few_shot	1	ceftazidime	5	117.6	2.417844229165423	0.16716847959027026	1.7509304067941052	0.10803285882438862	0.2066587061958752	0.08454429521973303	0.570889790115525	0.0517873227093959	0.4803104109896359	0.061425872010919653	0.42567965618813075	0.056423790834251725
se	kp_to_se	source_pretrained_few_shot	1	ceftriaxone	5	1588.8	1.8346054020915468	0.051486156508577095	1.1131515956031808	0.027795599000372647	0.5247117313309734	0.029286800217084522	0.7797771648964174	0.013169628902151344	0.4704045439281551	0.015076419796722616	0.74769117447354	0.004939864165587462
se	kp_to_se	source_pretrained_few_shot	1	chloramphenicol	5	1552.0	1.3382802708105452	0.06348687413462513	0.9402922833139954	0.044233069588060586	-0.13229671980824317	0.08424327740558912	0.33601916652215513	0.030991518593593413	0.17102140162356705	0.022670469882743585	0.7320446735395189	0.02915413797484323
se	kp_to_se	source_pretrained_few_shot	1	ciprofloxacin	5	1817.4	2.7872721484156413	0.03995106268572564	2.5659815570341347	0.035437438700592364	-0.479647214378225	0.02151151660084611	0.49865506870419407	0.02670512605834041	0.2261950058635791	0.03797010200057689	0.06463486377990209	0.0059911275969030935
se	kp_to_se	source_pretrained_few_shot	1	meropenem	5	104.0	1.6483925971166513	0.23520099138110295	1.194683677626726	0.12748775251178385	-15.157821728455081	13.19848134668161	-0.025697897033216323	0.21019308481487978	-0.030533016838173128	0.05971854650108353	0.5935897435897435	0.05224457290249995
se	kp_to_se	source_pretrained_few_shot	1	tetracycline	5	1541.2	1.0203592366043124	0.039107073822604366	0.5602337532503141	0.04954835005491637	0.7393723046719705	0.019560082459740908	0.8703166082865279	0.010550436718507444	0.7901696751652237	0.012546224977062126	0.8775822573255642	0.012740972745495214
se	kp_to_se	source_pretrained_few_shot	5	ampicillin	5	1595.0	1.952260541775012	0.12048536955154347	1.3846361022284537	0.11212254784870315	0.5480776741644393	0.05167972597760398	0.7529203975865406	0.034451320277077375	0.6631616422931742	0.022458590648638397	0.567189132706374	0.072485756633715
se	kp_to_se	source_pretrained_few_shot	5	cefoxitin	5	1520.6	0.922760285340896	0.06481817597831499	0.7184182443115431	0.05035093826634136	0.6540566831975152	0.052209059020884456	0.817664611977263	0.028256745421551273	0.42078264466796667	0.029549037139514952	0.7862723046933573	0.019610365674767705
se	kp_to_se	source_pretrained_few_shot	5	ceftazidime	5	117.6	1.9814020608908596	0.19356754999335016	1.4734023882769518	0.10481607733512936	0.462522160580792	0.12322738527099661	0.6970244696424927	0.078259674586656	0.6077656697965573	0.09147158626612731	0.5142546718817905	0.0540651605296201
se	kp_to_se	source_pretrained_few_shot	5	ceftriaxone	5	1588.8	1.3960257523851138	0.10267775729121022	0.7602115309877175	0.06037563288549428	0.724180916257402	0.0390492788975602	0.8543540998808385	0.02111477056697046	0.46557498581397816	0.0192903418263272	0.8040030404243279	0.010165819901471586
se	kp_to_se	source_pretrained_few_shot	5	chloramphenicol	5	1552.0	1.160243595979457	0.05423060412301874	0.804062806382212	0.0361005186689185	0.15777625006269785	0.058605782604988624	0.4232113564537071	0.061478190735003206	0.1745411270001098	0.0262562234885585	0.8096219931271479	0.024509298233953588
se	kp_to_se	source_pretrained_few_shot	5	ciprofloxacin	5	1817.4	1.882161243377642	0.03686991646408229	1.3497940771085883	0.03207721421725003	0.3251859711996855	0.0050202895134406084	0.577028419487629	0.004988486779854076	0.26709527923050624	0.019184900284356127	0.5046076062385179	0.03215326258821614
se	kp_to_se	source_pretrained_few_shot	5	meropenem	5	104.0	0.8794193622573159	0.13787434577725657	0.6194471511321191	0.04459859630450283	-2.855056433724708	1.9111475155034117	0.08830404343168743	0.29235368026261044	-0.017381455730333666	0.060534438428489816	0.8564102564102566	0.013097959449809302
se	kp_to_se	source_pretrained_few_shot	5	tetracycline	5	1541.2	0.8667528691429007	0.05379514711165954	0.4103754832871875	0.028394138856075272	0.8117967842509873	0.021301751334695862	0.9054139704189605	0.01025632433695476	0.8225778251018738	0.010676159566459703	0.9063919953607028	0.011777385607258743
se	kp_to_se	source_pretrained_few_shot	10	ampicillin	5	1595.0	1.6389458852562435	0.11243879571051794	1.0225901290615524	0.10228987658048336	0.6809253516851593	0.04340644193703222	0.8307065450363493	0.02471452496459439	0.6869277524202417	0.016026029420913527	0.7386833855799374	0.048033835357358105
se	kp_to_se	source_pretrained_few_shot	10	cefoxitin	5	1520.6	0.8504792549878839	0.03838049321091964	0.6490328979797646	0.03024239139871927	0.7071049904304106	0.029553890552027857	0.8429038960460746	0.01621661047334519	0.4234175608498899	0.026178017341661208	0.8231448320011074	0.023760048946941455
se	kp_to_se	source_pretrained_few_shot	10	ceftazidime	5	117.6	1.8705378672247661	0.17314746741588896	1.3812694082002708	0.10039008461603037	0.5190195146943208	0.11657658152246822	0.7341976786462313	0.07526077733713604	0.6467405028925137	0.09966653766720186	0.5641073929209524	0.025930891875199924
se	kp_to_se	source_pretrained_few_shot	10	ceftriaxone	5	1588.8	1.2693333154636552	0.08554272021699612	0.6957657115752232	0.048345798018252985	0.7724986168377267	0.026060027956002083	0.8817147126065972	0.014364149306030345	0.4675796135190483	0.035574905815922375	0.8357256463543706	0.009063601033508784
se	kp_to_se	source_pretrained_few_shot	10	chloramphenicol	5	1552.0	1.063991962967783	0.02182593364087272	0.7274016282351565	0.008814945959849343	0.2921205079497854	0.021505957810151917	0.5616280595781439	0.010582213425067613	0.25782132642618805	0.04995276317243259	0.8345790378006873	0.014725440525909957
se	kp_to_se	source_pretrained_few_shot	10	ciprofloxacin	5	1817.4	1.7754722891410808	0.05839376342550137	1.1578138354957752	0.05236271618648667	0.39829181016704246	0.04211086882457615	0.6365116534348688	0.030964881038174918	0.3040034537774586	0.03173225810040577	0.6414346516288025	0.030030001944844762
se	kp_to_se	source_pretrained_few_shot	10	meropenem	5	104.0	0.7890607285552667	0.13439825149794254	0.5390557420559419	0.044025525598360926	-2.0879320013518496	1.469210120225719	0.1522088061769919	0.2880420920928618	0.013827812544621055	0.04323655910917983	0.8923076923076924	0.023179082989441678
se	kp_to_se	source_pretrained_few_shot	10	tetracycline	5	1541.2	0.8332984840753446	0.056738885782106424	0.3826196846511409	0.022783718772978433	0.8260562304619141	0.02162116285737165	0.9145604578177611	0.009623969653126693	0.8291400487797894	0.010877393623918416	0.9140060145895459	0.012767784400665083
